{
  "token_acc":1.0,
  "token_p":1.0,
  "token_r":1.0,
  "token_f":1.0,
  "tag_acc":0.9617536154,
  "sents_p":1.0,
  "sents_r":1.0,
  "sents_f":1.0,
  "dep_uas":0.9083054817,
  "dep_las":0.8728372326,
  "dep_las_per_type":{
    "det":{
      "p":0.9207920792,
      "r":0.9647302905,
      "f":0.9422492401
    },
    "comp:obj":{
      "p":0.917651544,
      "r":0.9286265432,
      "f":0.9231064238
    },
    "compound@lvc":{
      "p":0.9336121275,
      "r":0.9701249321,
      "f":0.9515183804
    },
    "root":{
      "p":0.9587628866,
      "r":0.9587628866,
      "f":0.9587628866
    },
    "comp:aux":{
      "p":0.9894578313,
      "r":0.9805970149,
      "f":0.9850074963
    },
    "cc":{
      "p":0.9410589411,
      "r":0.942,
      "f":0.9415292354
    },
    "comp:obl":{
      "p":0.7892156863,
      "r":0.798215171,
      "f":0.7936899187
    },
    "udep":{
      "p":0.6787280702,
      "r":0.6986455982,
      "f":0.6885428254
    },
    "mod":{
      "p":0.8445185494,
      "r":0.8291385308,
      "f":0.836757873
    },
    "conj:coord":{
      "p":0.8142726441,
      "r":0.8142726441,
      "f":0.8142726441
    },
    "subj":{
      "p":0.8764619883,
      "r":0.8467514124,
      "f":0.8613505747
    },
    "comp:pred":{
      "p":0.8034934498,
      "r":0.7301587302,
      "f":0.7650727651
    },
    "subj@pass":{
      "p":0.8235294118,
      "r":0.7,
      "f":0.7567567568
    },
    "flat@name":{
      "p":0.7610619469,
      "r":0.7267605634,
      "f":0.7435158501
    },
    "unk":{
      "p":0.8301886792,
      "r":0.8461538462,
      "f":0.8380952381
    },
    "conj:appos":{
      "p":0.5,
      "r":0.2978723404,
      "f":0.3733333333
    },
    "goeswith":{
      "p":0.0,
      "r":0.0,
      "f":0.0
    },
    "flat@num":{
      "p":1.0,
      "r":0.9444444444,
      "f":0.9714285714
    },
    "dep":{
      "p":0.0,
      "r":0.0,
      "f":0.0
    },
    "vocative":{
      "p":0.8,
      "r":0.8,
      "f":0.8
    },
    "parataxis":{
      "p":0.5,
      "r":0.3333333333,
      "f":0.4
    },
    "compound":{
      "p":1.0,
      "r":1.0,
      "f":1.0
    },
    "conj:coord@emb":{
      "p":0.0,
      "r":0.0,
      "f":0.0
    }
  },
  "speed":118095.2959727105
}