{
  "token_acc":1.0,
  "token_p":1.0,
  "token_r":1.0,
  "token_f":1.0,
  "tag_acc":0.7239016871,
  "sents_p":0.997979798,
  "sents_r":0.9989888777,
  "sents_f":0.9984840829,
  "dep_uas":0.6588766693,
  "dep_las":0.5663786332,
  "dep_las_per_type":{
    "subj":{
      "p":0.5576756288,
      "r":0.5083003953,
      "f":0.5318444996
    },
    "flat":{
      "p":0.6927990708,
      "r":0.7059171598,
      "f":0.6992966002
    },
    "mod@poss":{
      "p":0.4201680672,
      "r":0.3745318352,
      "f":0.396039604
    },
    "udep":{
      "p":0.4033018868,
      "r":0.3986013986,
      "f":0.4009378664
    },
    "mod":{
      "p":0.5329566855,
      "r":0.5319548872,
      "f":0.5324553151
    },
    "conj:appos":{
      "p":0.6369047619,
      "r":0.5544041451,
      "f":0.5927977839
    },
    "mod@relcl":{
      "p":0.5318627451,
      "r":0.4727668845,
      "f":0.5005767013
    },
    "conj:coord":{
      "p":0.33632287,
      "r":0.4113345521,
      "f":0.3700657895
    },
    "unk":{
      "p":0.6392857143,
      "r":0.5611285266,
      "f":0.5976627713
    },
    "comp:pred":{
      "p":0.8461538462,
      "r":0.7857142857,
      "f":0.8148148148
    },
    "comp:obj":{
      "p":0.5091324201,
      "r":0.564556962,
      "f":0.5354141657
    },
    "comp:obl":{
      "p":0.2272727273,
      "r":0.1351351351,
      "f":0.1694915254
    },
    "root":{
      "p":0.8161616162,
      "r":0.8169868554,
      "f":0.8165740273
    },
    "dep":{
      "p":0.0,
      "r":0.0,
      "f":0.0
    },
    "det@poss":{
      "p":0.8148148148,
      "r":0.6666666667,
      "f":0.7333333333
    },
    "subj@pass":{
      "p":0.2962962963,
      "r":0.253968254,
      "f":0.2735042735
    },
    "cc":{
      "p":0.7096774194,
      "r":0.7096774194,
      "f":0.7096774194
    },
    "conj:coord@emb":{
      "p":0.0,
      "r":0.0,
      "f":0.0
    },
    "det":{
      "p":0.8915662651,
      "r":0.8314606742,
      "f":0.8604651163
    },
    "comp:aux":{
      "p":0.6,
      "r":0.75,
      "f":0.6666666667
    },
    "udep@poss":{
      "p":0.0,
      "r":0.0,
      "f":0.0
    },
    "compound":{
      "p":0.0,
      "r":0.0,
      "f":0.0
    }
  },
  "speed":53054.1719762975
}