{
  "token_acc":1.0,
  "token_p":1.0,
  "token_r":1.0,
  "token_f":1.0,
  "tag_acc":0.9079933389,
  "sents_p":1.0,
  "sents_r":1.0,
  "sents_f":1.0,
  "dep_uas":0.7450220435,
  "dep_las":0.6949275713,
  "dep_las_per_type":{
    "root":{
      "p":0.69,
      "r":0.69,
      "f":0.69
    },
    "comp:obj":{
      "p":0.6983263598,
      "r":0.7172324882,
      "f":0.7076531694
    },
    "det":{
      "p":0.8561151079,
      "r":0.7828947368,
      "f":0.8178694158
    },
    "subj":{
      "p":0.6113402062,
      "r":0.5947843531,
      "f":0.6029486528
    },
    "comp:aux":{
      "p":0.8921568627,
      "r":0.8792270531,
      "f":0.8856447689
    },
    "mod":{
      "p":0.7014492754,
      "r":0.7315598549,
      "f":0.7161882214
    },
    "mod@tmod":{
      "p":0.6825396825,
      "r":0.5972222222,
      "f":0.637037037
    },
    "comp:obj@rel":{
      "p":0.6943231441,
      "r":0.6737288136,
      "f":0.6838709677
    },
    "mod@relcl":{
      "p":0.6341463415,
      "r":0.5909090909,
      "f":0.6117647059
    },
    "compound":{
      "p":0.9177631579,
      "r":0.95221843,
      "f":0.9346733668
    },
    "comp:obl":{
      "p":0.3230769231,
      "r":0.2781456954,
      "f":0.2989323843
    },
    "parataxis":{
      "p":0.3863636364,
      "r":0.3294573643,
      "f":0.3556485356
    },
    "comp:pred":{
      "p":0.7511961722,
      "r":0.8092783505,
      "f":0.7791563275
    },
    "conj:appos":{
      "p":0.5339805825,
      "r":0.5238095238,
      "f":0.5288461538
    },
    "cc":{
      "p":0.7267759563,
      "r":0.6963350785,
      "f":0.7112299465
    },
    "conj:coord":{
      "p":0.7459807074,
      "r":0.6904761905,
      "f":0.7171561051
    },
    "comp:obl@agent":{
      "p":0.3333333333,
      "r":0.125,
      "f":0.1818181818
    },
    "comp:aux@pass":{
      "p":0.6829268293,
      "r":0.6829268293,
      "f":0.6829268293
    },
    "udep":{
      "p":0.4754098361,
      "r":0.3536585366,
      "f":0.4055944056
    },
    "flat@foreign":{
      "p":0.9259259259,
      "r":0.9259259259,
      "f":0.9259259259
    },
    "dislocated":{
      "p":0.0,
      "r":0.0,
      "f":0.0
    },
    "subj@pass":{
      "p":0.4,
      "r":0.3448275862,
      "f":0.3703703704
    },
    "discourse":{
      "p":0.6111111111,
      "r":0.7333333333,
      "f":0.6666666667
    },
    "clf":{
      "p":1.0,
      "r":0.9047619048,
      "f":0.95
    },
    "flat@name":{
      "p":0.7432432432,
      "r":0.6790123457,
      "f":0.7096774194
    },
    "comp:obj@adv":{
      "p":1.0,
      "r":0.5833333333,
      "f":0.7368421053
    },
    "udep@tmod":{
      "p":0.8,
      "r":0.2666666667,
      "f":0.4
    },
    "dep":{
      "p":0.0,
      "r":0.0,
      "f":0.0
    },
    "conj:coord@emb":{
      "p":0.0,
      "r":0.0,
      "f":0.0
    },
    "compound@ext":{
      "p":1.0,
      "r":1.0,
      "f":1.0
    },
    "udep@patient":{
      "p":0.7647058824,
      "r":0.5909090909,
      "f":0.6666666667
    },
    "unk":{
      "p":0.0,
      "r":0.0,
      "f":0.0
    }
  },
  "speed":62027.5281645956
}