{
  "tag_acc":0.9270420301,
  "sents_p":1.0,
  "sents_r":1.0,
  "sents_f":1.0,
  "dep_uas":0.7186104218,
  "dep_las":0.635235732,
  "dep_las_per_type":{
    "vocative":{
      "p":1.0,
      "r":0.6666666667,
      "f":0.8
    },
    "subj":{
      "p":0.7065217391,
      "r":0.7386363636,
      "f":0.7222222222
    },
    "root":{
      "p":0.79,
      "r":0.79,
      "f":0.79
    },
    "mod":{
      "p":0.7477477477,
      "r":0.6974789916,
      "f":0.7217391304
    },
    "conj:coord":{
      "p":0.2592592593,
      "r":0.3111111111,
      "f":0.2828282828
    },
    "comp:aux":{
      "p":0.85,
      "r":0.8717948718,
      "f":0.8607594937
    },
    "comp:obj@rel":{
      "p":0.6666666667,
      "r":0.3636363636,
      "f":0.4705882353
    },
    "comp:obj":{
      "p":0.5789473684,
      "r":0.7006369427,
      "f":0.6340057637
    },
    "discourse@sp":{
      "p":0.6576576577,
      "r":0.6403508772,
      "f":0.6488888889
    },
    "compound@dir":{
      "p":0.5,
      "r":0.3333333333,
      "f":0.4
    },
    "comp:obl":{
      "p":0.1428571429,
      "r":0.1538461538,
      "f":0.1481481481
    },
    "dislocated":{
      "p":0.0,
      "r":0.0,
      "f":0.0
    },
    "mod@coverb":{
      "p":0.3333333333,
      "r":0.3333333333,
      "f":0.3333333333
    },
    "conj:coord@emb":{
      "p":0.25,
      "r":0.5,
      "f":0.3333333333
    },
    "udep@tmod":{
      "p":0.6666666667,
      "r":0.1538461538,
      "f":0.25
    },
    "reparandum":{
      "p":0.5714285714,
      "r":0.5,
      "f":0.5333333333
    },
    "compound":{
      "p":0.4545454545,
      "r":0.3333333333,
      "f":0.3846153846
    },
    "discourse":{
      "p":0.64,
      "r":0.5714285714,
      "f":0.6037735849
    },
    "clf@det":{
      "p":0.8333333333,
      "r":0.8333333333,
      "f":0.8333333333
    },
    "comp:obj@loc":{
      "p":1.0,
      "r":0.6,
      "f":0.75
    },
    "dep":{
      "p":0.0,
      "r":0.0,
      "f":0.0
    },
    "cc":{
      "p":0.3636363636,
      "r":1.0,
      "f":0.5333333333
    },
    "conj:appos":{
      "p":0.0,
      "r":0.0,
      "f":0.0
    },
    "comp:pred":{
      "p":0.4285714286,
      "r":0.3,
      "f":0.3529411765
    },
    "udep":{
      "p":0.5,
      "r":0.3157894737,
      "f":0.3870967742
    },
    "comp:obj@periph":{
      "p":0.0,
      "r":0.0,
      "f":0.0
    },
    "det":{
      "p":0.76,
      "r":0.7307692308,
      "f":0.7450980392
    },
    "clf":{
      "p":0.8888888889,
      "r":0.8888888889,
      "f":0.8888888889
    },
    "compound@quant":{
      "p":0.0,
      "r":0.0,
      "f":0.0
    },
    "compound@vv":{
      "p":0.5454545455,
      "r":0.6,
      "f":0.5714285714
    },
    "parataxis":{
      "p":0.375,
      "r":0.2307692308,
      "f":0.2857142857
    },
    "subj@periph":{
      "p":0.0,
      "r":0.0,
      "f":0.0
    },
    "flat":{
      "p":0.0,
      "r":0.0,
      "f":0.0
    },
    "compound@ext":{
      "p":0.0,
      "r":0.0,
      "f":0.0
    }
  },
  "speed":109694.6982780347
}