{
  "tag_acc":0.907059421,
  "sents_p":1.0,
  "sents_r":1.0,
  "sents_f":1.0,
  "dep_uas":0.8426322281,
  "dep_las":0.7899586447,
  "dep_las_per_type":{
    "mod":{
      "p":0.7835279268,
      "r":0.8014848289,
      "f":0.7924046593
    },
    "orphan":{
      "p":0.0,
      "r":0.0,
      "f":0.0
    },
    "root":{
      "p":0.8681259045,
      "r":0.8681259045,
      "f":0.8681259045
    },
    "list":{
      "p":1.0,
      "r":0.4545454545,
      "f":0.625
    },
    "cc":{
      "p":0.8443396226,
      "r":0.8710462287,
      "f":0.8574850299
    },
    "subj":{
      "p":0.7526270946,
      "r":0.7835600237,
      "f":0.7677821237
    },
    "udep@tmod":{
      "p":0.8041666667,
      "r":0.7598425197,
      "f":0.7813765182
    },
    "conj:coord":{
      "p":0.6687054027,
      "r":0.5820763088,
      "f":0.6223908918
    },
    "comp:obj":{
      "p":0.8196635121,
      "r":0.8250132298,
      "f":0.8223296703
    },
    "discourse@sp":{
      "p":0.750501002,
      "r":0.7520080321,
      "f":0.7512537613
    },
    "comp:obl":{
      "p":0.7379518072,
      "r":0.6843575419,
      "f":0.7101449275
    },
    "parataxis":{
      "p":0.5322580645,
      "r":0.5432098765,
      "f":0.5376782077
    },
    "comp:pred":{
      "p":0.6092436975,
      "r":0.7923497268,
      "f":0.6888361045
    },
    "flat@vv":{
      "p":0.5744047619,
      "r":0.5956790123,
      "f":0.5848484848
    },
    "comp@expl":{
      "p":0.5769230769,
      "r":0.3846153846,
      "f":0.4615384615
    },
    "udep":{
      "p":0.2876712329,
      "r":0.1926605505,
      "f":0.2307692308
    },
    "discourse":{
      "p":0.7142857143,
      "r":0.4861111111,
      "f":0.5785123967
    },
    "dislocated":{
      "p":0.6923076923,
      "r":0.1956521739,
      "f":0.3050847458
    },
    "det":{
      "p":0.8110047847,
      "r":0.8582278481,
      "f":0.8339483395
    },
    "flat":{
      "p":0.685483871,
      "r":0.6944444444,
      "f":0.6899350649
    },
    "clf":{
      "p":0.8095238095,
      "r":0.6623376623,
      "f":0.7285714286
    },
    "comp:aux":{
      "p":0.8970189702,
      "r":0.8826666667,
      "f":0.8897849462
    },
    "unk":{
      "p":0.8571428571,
      "r":0.6382978723,
      "f":0.7317073171
    },
    "udep@lmod":{
      "p":0.6438356164,
      "r":0.4272727273,
      "f":0.5136612022
    },
    "vocative":{
      "p":0.0,
      "r":0.0,
      "f":0.0
    },
    "compound":{
      "p":0.8500823723,
      "r":0.8177496038,
      "f":0.8336025848
    },
    "compound@redup":{
      "p":0.6756756757,
      "r":0.5208333333,
      "f":0.5882352941
    },
    "dep":{
      "p":0.0,
      "r":0.0,
      "f":0.0
    },
    "subj@pass":{
      "p":0.0,
      "r":0.0,
      "f":0.0
    },
    "unk@expl":{
      "p":0.0,
      "r":0.0,
      "f":0.0
    },
    "conj:coord@emb":{
      "p":0.0,
      "r":0.0,
      "f":0.0
    },
    "flat@foreign":{
      "p":1.0,
      "r":1.0,
      "f":1.0
    }
  },
  "speed":83028.2135779896
}