{
  "tag_acc":0.9091997388,
  "sents_p":1.0,
  "sents_r":1.0,
  "sents_f":1.0,
  "dep_uas":0.8415076544,
  "dep_las":0.789849815,
  "dep_las_per_type":{
    "mod":{
      "p":0.7773063021,
      "r":0.79825694,
      "f":0.7876423282
    },
    "orphan":{
      "p":0.0,
      "r":0.0,
      "f":0.0
    },
    "root":{
      "p":0.8643270622,
      "r":0.8643270622,
      "f":0.8643270622
    },
    "list":{
      "p":0.75,
      "r":0.2727272727,
      "f":0.4
    },
    "comp:obj":{
      "p":0.8189386056,
      "r":0.8329511378,
      "f":0.8258854394
    },
    "subj":{
      "p":0.752672638,
      "r":0.7702542874,
      "f":0.7613619757
    },
    "cc":{
      "p":0.8375286041,
      "r":0.8905109489,
      "f":0.8632075472
    },
    "udep@tmod":{
      "p":0.7744360902,
      "r":0.811023622,
      "f":0.7923076923
    },
    "conj:coord":{
      "p":0.6535508637,
      "r":0.6042590949,
      "f":0.6279391425
    },
    "discourse@sp":{
      "p":0.7591674926,
      "r":0.7690763052,
      "f":0.7640897756
    },
    "comp:obl":{
      "p":0.7218934911,
      "r":0.6815642458,
      "f":0.7011494253
    },
    "parataxis":{
      "p":0.5616740088,
      "r":0.524691358,
      "f":0.5425531915
    },
    "comp:pred":{
      "p":0.7202072539,
      "r":0.7595628415,
      "f":0.7393617021
    },
    "flat@vv":{
      "p":0.5993690852,
      "r":0.5864197531,
      "f":0.5928237129
    },
    "comp@expl":{
      "p":0.6,
      "r":0.3076923077,
      "f":0.406779661
    },
    "udep@lmod":{
      "p":0.6,
      "r":0.5181818182,
      "f":0.556097561
    },
    "discourse":{
      "p":0.6530612245,
      "r":0.4444444444,
      "f":0.5289256198
    },
    "udep":{
      "p":0.4318181818,
      "r":0.1743119266,
      "f":0.2483660131
    },
    "dislocated":{
      "p":0.6666666667,
      "r":0.0434782609,
      "f":0.0816326531
    },
    "dep":{
      "p":0.0,
      "r":0.0,
      "f":0.0
    },
    "det":{
      "p":0.8076923077,
      "r":0.8506329114,
      "f":0.8286066584
    },
    "flat":{
      "p":0.7228070175,
      "r":0.6732026144,
      "f":0.6971235195
    },
    "clf":{
      "p":0.7037037037,
      "r":0.7402597403,
      "f":0.7215189873
    },
    "comp:aux":{
      "p":0.8865979381,
      "r":0.9173333333,
      "f":0.9017038008
    },
    "compound":{
      "p":0.8628762542,
      "r":0.8177496038,
      "f":0.8397070789
    },
    "unk":{
      "p":0.8428571429,
      "r":0.6276595745,
      "f":0.7195121951
    },
    "vocative":{
      "p":1.0,
      "r":0.1875,
      "f":0.3157894737
    },
    "compound@redup":{
      "p":0.6363636364,
      "r":0.4375,
      "f":0.5185185185
    },
    "subj@pass":{
      "p":0.0,
      "r":0.0,
      "f":0.0
    },
    "unk@expl":{
      "p":0.0,
      "r":0.0,
      "f":0.0
    },
    "conj:coord@emb":{
      "p":0.0,
      "r":0.0,
      "f":0.0
    },
    "flat@foreign":{
      "p":1.0,
      "r":1.0,
      "f":1.0
    }
  },
  "speed":116803.950352536
}