{
  "tag_acc":0.9084742074,
  "sents_p":0.9996382709,
  "sents_r":0.9998191027,
  "sents_f":0.9997286787,
  "dep_uas":0.8401654212,
  "dep_las":0.7894507727,
  "dep_las_per_type":{
    "mod":{
      "p":0.7843694494,
      "r":0.7946733849,
      "f":0.7894877983
    },
    "orphan":{
      "p":0.0,
      "r":0.0,
      "f":0.0
    },
    "root":{
      "p":0.8601917164,
      "r":0.8603473227,
      "f":0.8602695125
    },
    "list":{
      "p":1.0,
      "r":0.2727272727,
      "f":0.4285714286
    },
    "dep":{
      "p":0.0,
      "r":0.0,
      "f":0.0
    },
    "subj":{
      "p":0.7375667322,
      "r":0.776167948,
      "f":0.7563751621
    },
    "cc":{
      "p":0.8449074074,
      "r":0.8880778589,
      "f":0.8659549229
    },
    "udep@tmod":{
      "p":0.7304964539,
      "r":0.7923076923,
      "f":0.7601476015
    },
    "conj:coord":{
      "p":0.7052845528,
      "r":0.6157941437,
      "f":0.6575082899
    },
    "comp:obj":{
      "p":0.8174201431,
      "r":0.8260716176,
      "f":0.8217231093
    },
    "discourse@sp":{
      "p":0.751953125,
      "r":0.7730923695,
      "f":0.7623762376
    },
    "udep@lmod":{
      "p":0.7103448276,
      "r":0.664516129,
      "f":0.6866666667
    },
    "parataxis":{
      "p":0.5247524752,
      "r":0.5452674897,
      "f":0.5348133199
    },
    "udep":{
      "p":0.7675438596,
      "r":0.7311977716,
      "f":0.7489300999
    },
    "comp:pred":{
      "p":0.7351351351,
      "r":0.7431693989,
      "f":0.7391304348
    },
    "flat@vv":{
      "p":0.608974359,
      "r":0.5864197531,
      "f":0.5974842767
    },
    "comp@expl":{
      "p":0.5555555556,
      "r":0.3846153846,
      "f":0.4545454545
    },
    "discourse":{
      "p":0.5490196078,
      "r":0.3888888889,
      "f":0.4552845528
    },
    "dislocated":{
      "p":0.25,
      "r":0.0217391304,
      "f":0.04
    },
    "det":{
      "p":0.8560411311,
      "r":0.8430379747,
      "f":0.8494897959
    },
    "flat":{
      "p":0.6985172982,
      "r":0.6928104575,
      "f":0.6956521739
    },
    "clf":{
      "p":0.7741935484,
      "r":0.6233766234,
      "f":0.690647482
    },
    "comp:aux":{
      "p":0.9115281501,
      "r":0.9066666667,
      "f":0.9090909091
    },
    "comp:obl":{
      "p":0.748502994,
      "r":0.6868131868,
      "f":0.7163323782
    },
    "compound@redup":{
      "p":0.6341463415,
      "r":0.5416666667,
      "f":0.5842696629
    },
    "compound":{
      "p":0.8536184211,
      "r":0.822503962,
      "f":0.8377723971
    },
    "unk":{
      "p":0.8656716418,
      "r":0.6170212766,
      "f":0.7204968944
    },
    "vocative":{
      "p":1.0,
      "r":0.1875,
      "f":0.3157894737
    },
    "subj@pass":{
      "p":0.0,
      "r":0.0,
      "f":0.0
    },
    "unk@expl":{
      "p":0.0,
      "r":0.0,
      "f":0.0
    },
    "conj:coord@emb":{
      "p":0.0,
      "r":0.0,
      "f":0.0
    },
    "flat@foreign":{
      "p":1.0,
      "r":1.0,
      "f":1.0
    }
  },
  "speed":131614.5307973327
}