{
  "token_acc":0.9985361233,
  "token_p":0.9863084474,
  "token_r":0.9924616584,
  "token_f":0.9893754859,
  "tag_acc":0.9173303324,
  "sents_p":0.0344827586,
  "sents_r":0.0035906643,
  "sents_f":0.006504065,
  "dep_uas":0.7850965406,
  "dep_las":0.7031917567,
  "dep_las_per_type":{
    "subj@pass":{
      "p":0.7020408163,
      "r":0.747826087,
      "f":0.7242105263
    },
    "udep":{
      "p":0.6807881773,
      "r":0.7036659878,
      "f":0.6920380571
    },
    "mod":{
      "p":0.6733333333,
      "r":0.6227578475,
      "f":0.6470588235
    },
    "comp:obj":{
      "p":0.8207033185,
      "r":0.8721052632,
      "f":0.8456238836
    },
    "root":{
      "p":0.6896551724,
      "r":0.0718132855,
      "f":0.1300813008
    },
    "flat@name":{
      "p":0.8216957606,
      "r":0.8405612245,
      "f":0.8310214376
    },
    "udep@tmod":{
      "p":0.7246376812,
      "r":0.6944444444,
      "f":0.7092198582
    },
    "cc":{
      "p":0.8489010989,
      "r":0.860724234,
      "f":0.8547717842
    },
    "conj:coord":{
      "p":0.6095238095,
      "r":0.6361829026,
      "f":0.6225680934
    },
    "conj:coord@emb":{
      "p":0.3125,
      "r":0.2631578947,
      "f":0.2857142857
    },
    "comp:pred":{
      "p":0.8260869565,
      "r":0.8189655172,
      "f":0.8225108225
    },
    "subj":{
      "p":0.7681564246,
      "r":0.7452574526,
      "f":0.7565337001
    },
    "mod@relcl":{
      "p":0.74204947,
      "r":0.7581227437,
      "f":0.75
    },
    "comp:obl":{
      "p":0.320754717,
      "r":0.4857142857,
      "f":0.3863636364
    },
    "unk":{
      "p":0.0340557276,
      "r":0.1666666667,
      "f":0.0565552699
    },
    "comp:aux":{
      "p":0.928,
      "r":0.9133858268,
      "f":0.9206349206
    },
    "compound":{
      "p":0.6769436997,
      "r":0.7526080477,
      "f":0.7127734651
    },
    "conj:appos":{
      "p":0.5714285714,
      "r":0.6572769953,
      "f":0.6113537118
    },
    "flat":{
      "p":0.95,
      "r":0.5135135135,
      "f":0.6666666667
    },
    "det":{
      "p":0.9016949153,
      "r":0.8525641026,
      "f":0.8764415157
    },
    "parataxis":{
      "p":0.0434782609,
      "r":0.1219512195,
      "f":0.0641025641
    },
    "dep":{
      "p":0.0,
      "r":0.0,
      "f":0.0
    },
    "mod@poss":{
      "p":0.9285714286,
      "r":0.8125,
      "f":0.8666666667
    },
    "comp:obj@adv":{
      "p":0.5714285714,
      "r":0.2352941176,
      "f":0.3333333333
    },
    "mod@lmod":{
      "p":0.0,
      "r":0.0,
      "f":0.0
    },
    "goeswith":{
      "p":0.5416666667,
      "r":0.619047619,
      "f":0.5777777778
    },
    "mod@emph":{
      "p":0.0,
      "r":0.0,
      "f":0.0
    },
    "mod@tmod":{
      "p":0.0,
      "r":0.0,
      "f":0.0
    },
    "comp:obl@agent":{
      "p":0.0,
      "r":0.0,
      "f":0.0
    },
    "discourse":{
      "p":0.0,
      "r":0.0,
      "f":0.0
    },
    "flat@foreign":{
      "p":0.0,
      "r":0.0,
      "f":0.0
    },
    "clf":{
      "p":0.0,
      "r":0.0,
      "f":0.0
    }
  },
  "speed":114007.6059306253
}