{
  "token_acc":1.0,
  "token_p":1.0,
  "token_r":1.0,
  "token_f":1.0,
  "tag_acc":0.9225411422,
  "sents_p":0.9988105858,
  "sents_r":0.999404939,
  "sents_f":0.999107674,
  "dep_uas":0.8266948566,
  "dep_las":0.7718000025,
  "dep_las_per_type":{
    "mod@neg":{
      "p":0.9221183801,
      "r":0.914992272,
      "f":0.918541505
    },
    "discourse":{
      "p":0.8729456384,
      "r":0.8669177652,
      "f":0.8699212598
    },
    "root":{
      "p":0.9078203985,
      "r":0.908360607,
      "f":0.9080904224
    },
    "comp:obj":{
      "p":0.8479164193,
      "r":0.8624562251,
      "f":0.8551245211
    },
    "conj:coord":{
      "p":0.6455488804,
      "r":0.6073997945,
      "f":0.6258935663
    },
    "cc":{
      "p":0.8027300749,
      "r":0.8366223038,
      "f":0.8193258427
    },
    "subj":{
      "p":0.7541580042,
      "r":0.7926795957,
      "f":0.7729391397
    },
    "comp:pred":{
      "p":0.7158292815,
      "r":0.7181571816,
      "f":0.716991342
    },
    "conj:coord@emb":{
      "p":0.2857142857,
      "r":0.0266666667,
      "f":0.0487804878
    },
    "det":{
      "p":0.8428814521,
      "r":0.8545140886,
      "f":0.8486579098
    },
    "mod":{
      "p":0.698355104,
      "r":0.7150464396,
      "f":0.706602215
    },
    "mod@relcl":{
      "p":0.6784511785,
      "r":0.6531604538,
      "f":0.6655656482
    },
    "comp:obl":{
      "p":0.670437018,
      "r":0.6976993044,
      "f":0.6837965391
    },
    "udep":{
      "p":0.6334661355,
      "r":0.469488189,
      "f":0.5392877332
    },
    "mod@cmp":{
      "p":0.7480620155,
      "r":0.6678200692,
      "f":0.7056672761
    },
    "comp:aux@pass":{
      "p":0.8722222222,
      "r":0.8698060942,
      "f":0.8710124827
    },
    "subj@pass":{
      "p":0.7415881561,
      "r":0.7137305699,
      "f":0.7273927393
    },
    "mod@emph":{
      "p":0.6936936937,
      "r":0.6895522388,
      "f":0.6916167665
    },
    "subj@relcl":{
      "p":0.5256410256,
      "r":0.4606741573,
      "f":0.4910179641
    },
    "comp:obl@agent":{
      "p":0.7441860465,
      "r":0.6956521739,
      "f":0.7191011236
    },
    "comp:aux":{
      "p":0.801980198,
      "r":0.7168141593,
      "f":0.7570093458
    },
    "mod@tmod":{
      "p":0.8333333333,
      "r":0.8510638298,
      "f":0.8421052632
    },
    "mod@abs":{
      "p":0.6463414634,
      "r":0.6883116883,
      "f":0.6666666667
    },
    "comp:obl@relcl":{
      "p":0.0,
      "r":0.0,
      "f":0.0
    },
    "mod@lmod":{
      "p":0.8791208791,
      "r":0.8888888889,
      "f":0.8839779006
    },
    "orphan":{
      "p":0.2711864407,
      "r":0.1882352941,
      "f":0.2222222222
    },
    "dep":{
      "p":0.0,
      "r":0.0,
      "f":0.0
    },
    "comp:obj@relcl":{
      "p":0.55,
      "r":0.3666666667,
      "f":0.44
    },
    "conj@expl":{
      "p":0.0909090909,
      "r":0.0625,
      "f":0.0740740741
    },
    "unk":{
      "p":0.8461538462,
      "r":0.5789473684,
      "f":0.6875
    },
    "parataxis":{
      "p":0.2222222222,
      "r":0.0555555556,
      "f":0.0888888889
    },
    "mod@pred":{
      "p":0.1428571429,
      "r":0.25,
      "f":0.1818181818
    },
    "flat":{
      "p":1.0,
      "r":0.5,
      "f":0.6666666667
    },
    "vocative":{
      "p":0.5238095238,
      "r":0.44,
      "f":0.4782608696
    },
    "conj:appos":{
      "p":0.3731343284,
      "r":0.2192982456,
      "f":0.2762430939
    },
    "dislocated":{
      "p":0.2,
      "r":0.0357142857,
      "f":0.0606060606
    },
    "flat@name":{
      "p":0.7916666667,
      "r":0.9047619048,
      "f":0.8444444444
    },
    "flat@foreign":{
      "p":0.3333333333,
      "r":0.25,
      "f":0.2857142857
    }
  },
  "speed":87622.1841017627
}