{
  "token_acc":1.0,
  "token_p":1.0,
  "token_r":1.0,
  "token_f":1.0,
  "tag_acc":0.9085761865,
  "sents_p":0.9920318725,
  "sents_r":0.996,
  "sents_f":0.994011976,
  "dep_uas":0.730215653,
  "dep_las":0.6842742913,
  "dep_las_per_type":{
    "root":{
      "p":0.6613545817,
      "r":0.664,
      "f":0.6626746507
    },
    "comp:obj":{
      "p":0.6746370623,
      "r":0.6786941581,
      "f":0.6766595289
    },
    "det":{
      "p":0.8561151079,
      "r":0.7828947368,
      "f":0.8178694158
    },
    "subj":{
      "p":0.5928571429,
      "r":0.5827482447,
      "f":0.5877592312
    },
    "comp:aux":{
      "p":0.875,
      "r":0.8792270531,
      "f":0.8771084337
    },
    "mod":{
      "p":0.7052478134,
      "r":0.7312575574,
      "f":0.7180172158
    },
    "mod@tmod":{
      "p":0.652892562,
      "r":0.5486111111,
      "f":0.5962264151
    },
    "comp:obj@rel":{
      "p":0.6563876652,
      "r":0.6313559322,
      "f":0.6436285097
    },
    "mod@relcl":{
      "p":0.6375,
      "r":0.5795454545,
      "f":0.6071428571
    },
    "compound":{
      "p":0.8969404187,
      "r":0.9505119454,
      "f":0.9229494615
    },
    "comp:obl":{
      "p":0.4049586777,
      "r":0.3181818182,
      "f":0.3563636364
    },
    "comp:pred":{
      "p":0.7979274611,
      "r":0.793814433,
      "f":0.7958656331
    },
    "parataxis":{
      "p":0.4784688995,
      "r":0.3875968992,
      "f":0.4282655246
    },
    "dep":{
      "p":0.0,
      "r":0.0,
      "f":0.0
    },
    "cc":{
      "p":0.6685393258,
      "r":0.6230366492,
      "f":0.6449864499
    },
    "conj:coord":{
      "p":0.7106109325,
      "r":0.6577380952,
      "f":0.6831530139
    },
    "comp:obl@agent":{
      "p":0.2,
      "r":0.25,
      "f":0.2222222222
    },
    "comp:aux@pass":{
      "p":0.7906976744,
      "r":0.8292682927,
      "f":0.8095238095
    },
    "udep":{
      "p":0.4320987654,
      "r":0.4430379747,
      "f":0.4375
    },
    "conj:appos":{
      "p":0.5350877193,
      "r":0.5865384615,
      "f":0.5596330275
    },
    "flat@foreign":{
      "p":0.9285714286,
      "r":0.962962963,
      "f":0.9454545455
    },
    "dislocated":{
      "p":0.0,
      "r":0.0,
      "f":0.0
    },
    "subj@pass":{
      "p":0.4642857143,
      "r":0.4482758621,
      "f":0.4561403509
    },
    "discourse":{
      "p":0.6315789474,
      "r":0.8,
      "f":0.7058823529
    },
    "clf":{
      "p":0.9545454545,
      "r":1.0,
      "f":0.976744186
    },
    "flat@name":{
      "p":0.7794117647,
      "r":0.6543209877,
      "f":0.711409396
    },
    "comp:obj@adv":{
      "p":1.0,
      "r":0.5,
      "f":0.6666666667
    },
    "udep@tmod":{
      "p":0.8333333333,
      "r":0.3333333333,
      "f":0.4761904762
    },
    "conj:coord@emb":{
      "p":0.0,
      "r":0.0,
      "f":0.0
    },
    "compound@ext":{
      "p":0.0,
      "r":0.0,
      "f":0.0
    },
    "udep@patient":{
      "p":0.8235294118,
      "r":0.6363636364,
      "f":0.7179487179
    },
    "unk":{
      "p":0.0,
      "r":0.0,
      "f":0.0
    }
  },
  "speed":73731.3989435062
}