{
  "token_acc":1.0,
  "token_p":1.0,
  "token_r":1.0,
  "token_f":1.0,
  "tag_acc":0.923528411,
  "sents_p":0.9822064057,
  "sents_r":0.9910233393,
  "sents_f":0.9865951743,
  "dep_uas":0.8432832142,
  "dep_las":0.7632240572,
  "dep_las_per_type":{
    "subj@pass":{
      "p":0.7227272727,
      "r":0.6913043478,
      "f":0.7066666667
    },
    "udep":{
      "p":0.7020854022,
      "r":0.7199592668,
      "f":0.710910005
    },
    "mod":{
      "p":0.6917519567,
      "r":0.643697479,
      "f":0.6668601277
    },
    "comp:obj":{
      "p":0.8427358962,
      "r":0.8777951118,
      "f":0.8599083036
    },
    "root":{
      "p":0.834519573,
      "r":0.842010772,
      "f":0.8382484361
    },
    "flat@name":{
      "p":0.8375451264,
      "r":0.887755102,
      "f":0.8619195046
    },
    "udep@tmod":{
      "p":0.7966101695,
      "r":0.6527777778,
      "f":0.7175572519
    },
    "cc":{
      "p":0.8559556787,
      "r":0.860724234,
      "f":0.8583333333
    },
    "conj:coord":{
      "p":0.6549019608,
      "r":0.6640159046,
      "f":0.6594274432
    },
    "conj:coord@emb":{
      "p":0.2,
      "r":0.1052631579,
      "f":0.1379310345
    },
    "comp:pred":{
      "p":0.8899082569,
      "r":0.8362068966,
      "f":0.8622222222
    },
    "subj":{
      "p":0.7628458498,
      "r":0.7845528455,
      "f":0.7735470942
    },
    "mod@relcl":{
      "p":0.7079037801,
      "r":0.7436823105,
      "f":0.7253521127
    },
    "comp:obl":{
      "p":0.4111111111,
      "r":0.5285714286,
      "f":0.4625
    },
    "unk":{
      "p":0.5,
      "r":0.4393939394,
      "f":0.4677419355
    },
    "comp:aux":{
      "p":0.9097744361,
      "r":0.9527559055,
      "f":0.9307692308
    },
    "compound":{
      "p":0.7388059701,
      "r":0.737704918,
      "f":0.7382550336
    },
    "conj:appos":{
      "p":0.6584158416,
      "r":0.6244131455,
      "f":0.6409638554
    },
    "mod@poss":{
      "p":0.8676470588,
      "r":0.8805970149,
      "f":0.8740740741
    },
    "flat":{
      "p":0.7916666667,
      "r":0.5135135135,
      "f":0.6229508197
    },
    "det":{
      "p":0.8664596273,
      "r":0.8230088496,
      "f":0.8441754917
    },
    "mod@emph":{
      "p":0.8837209302,
      "r":0.8636363636,
      "f":0.8735632184
    },
    "comp:obj@adv":{
      "p":0.6153846154,
      "r":0.4705882353,
      "f":0.5333333333
    },
    "parataxis":{
      "p":0.1212121212,
      "r":0.0975609756,
      "f":0.1081081081
    },
    "mod@lmod":{
      "p":0.2,
      "r":0.1428571429,
      "f":0.1666666667
    },
    "goeswith":{
      "p":0.7647058824,
      "r":0.619047619,
      "f":0.6842105263
    },
    "dep":{
      "p":0.0,
      "r":0.0,
      "f":0.0
    },
    "mod@tmod":{
      "p":0.0,
      "r":0.0,
      "f":0.0
    },
    "comp:obl@agent":{
      "p":1.0,
      "r":0.5714285714,
      "f":0.7272727273
    },
    "discourse":{
      "p":0.0,
      "r":0.0,
      "f":0.0
    },
    "clf":{
      "p":0.0,
      "r":0.0,
      "f":0.0
    }
  },
  "speed":69834.0109295127
}