{
  "token_acc":1.0,
  "token_p":1.0,
  "token_r":1.0,
  "token_f":1.0,
  "tag_acc":0.8067289652,
  "sents_p":0.9995349919,
  "sents_r":0.9997674419,
  "sents_f":0.9996512033,
  "dep_uas":0.8048226312,
  "dep_las":0.7394632878,
  "dep_las_per_type":{
    "mod@neg":{
      "p":0.9215686275,
      "r":0.8903924222,
      "f":0.9057123193
    },
    "discourse":{
      "p":0.8515981735,
      "r":0.880755608,
      "f":0.8659315148
    },
    "root":{
      "p":0.8993257382,
      "r":0.8995348837,
      "f":0.8994302988
    },
    "comp:obj":{
      "p":0.8205938697,
      "r":0.8337712895,
      "f":0.827130099
    },
    "conj:coord":{
      "p":0.5963692545,
      "r":0.613672496,
      "f":0.6048971596
    },
    "cc":{
      "p":0.7870898716,
      "r":0.8087211433,
      "f":0.7977589011
    },
    "subj":{
      "p":0.7625227687,
      "r":0.7406015038,
      "f":0.7514022885
    },
    "comp:pred":{
      "p":0.6921906694,
      "r":0.6456953642,
      "f":0.6681350954
    },
    "conj:coord@emb":{
      "p":0.4736842105,
      "r":0.1046511628,
      "f":0.1714285714
    },
    "det":{
      "p":0.8042328042,
      "r":0.818805093,
      "f":0.8114535307
    },
    "mod":{
      "p":0.65374677,
      "r":0.6715493512,
      "f":0.6625284904
    },
    "mod@relcl":{
      "p":0.6576980568,
      "r":0.6043956044,
      "f":0.6299212598
    },
    "comp:obl":{
      "p":0.6371237458,
      "r":0.686795854,
      "f":0.6610279766
    },
    "udep":{
      "p":0.4929693962,
      "r":0.420606916,
      "f":0.4539223153
    },
    "mod@cmp":{
      "p":0.6915254237,
      "r":0.641509434,
      "f":0.6655791191
    },
    "comp:aux@pass":{
      "p":0.8115577889,
      "r":0.8898071625,
      "f":0.8488830486
    },
    "subj@pass":{
      "p":0.6866812227,
      "r":0.6988888889,
      "f":0.6927312775
    },
    "mod@emph":{
      "p":0.6339066339,
      "r":0.6417910448,
      "f":0.6378244747
    },
    "subj@relcl":{
      "p":0.511627907,
      "r":0.4943820225,
      "f":0.5028571429
    },
    "comp:obl@agent":{
      "p":0.6825396825,
      "r":0.6231884058,
      "f":0.6515151515
    },
    "comp:aux":{
      "p":0.8076923077,
      "r":0.7433628319,
      "f":0.7741935484
    },
    "mod@tmod":{
      "p":0.7176470588,
      "r":0.525862069,
      "f":0.6069651741
    },
    "comp:obl@relcl":{
      "p":0.0,
      "r":0.0,
      "f":0.0
    },
    "mod@lmod":{
      "p":0.8173076923,
      "r":0.7657657658,
      "f":0.7906976744
    },
    "orphan":{
      "p":0.3543307087,
      "r":0.2528089888,
      "f":0.2950819672
    },
    "mod@abs":{
      "p":0.6448598131,
      "r":0.5307692308,
      "f":0.582278481
    },
    "comp:obj@relcl":{
      "p":0.5625,
      "r":0.3,
      "f":0.3913043478
    },
    "conj@expl":{
      "p":0.1176470588,
      "r":0.0909090909,
      "f":0.1025641026
    },
    "dep":{
      "p":0.0,
      "r":0.0,
      "f":0.0
    },
    "unk":{
      "p":0.7179487179,
      "r":0.4666666667,
      "f":0.5656565657
    },
    "parataxis":{
      "p":0.2272727273,
      "r":0.0877192982,
      "f":0.1265822785
    },
    "mod@pred":{
      "p":0.2222222222,
      "r":0.1818181818,
      "f":0.2
    },
    "flat":{
      "p":0.3333333333,
      "r":0.5,
      "f":0.4
    },
    "vocative":{
      "p":0.4146341463,
      "r":0.3035714286,
      "f":0.3505154639
    },
    "dislocated":{
      "p":0.1111111111,
      "r":0.0357142857,
      "f":0.0540540541
    },
    "conj:appos":{
      "p":0.4027777778,
      "r":0.2180451128,
      "f":0.2829268293
    },
    "flat@name":{
      "p":0.6296296296,
      "r":0.7391304348,
      "f":0.68
    },
    "flat@foreign":{
      "p":0.4285714286,
      "r":0.75,
      "f":0.5454545455
    },
    "udep@cmp":{
      "p":0.0,
      "r":0.0,
      "f":0.0
    },
    "det@numgov":{
      "p":0.0,
      "r":0.0,
      "f":0.0
    },
    "comp:obj@reported":{
      "p":0.0,
      "r":0.0,
      "f":0.0
    },
    "flat@redup":{
      "p":0.0,
      "r":0.0,
      "f":0.0
    }
  },
  "speed":92173.6735270322
}