{
  "token_acc":1.0,
  "token_p":1.0,
  "token_r":1.0,
  "token_f":1.0,
  "tag_acc":0.9097418818,
  "sents_p":0.996007984,
  "sents_r":0.998,
  "sents_f":0.997002997,
  "dep_uas":0.7344189202,
  "dep_las":0.6873122032,
  "dep_las_per_type":{
    "root":{
      "p":0.6766467066,
      "r":0.678,
      "f":0.6773226773
    },
    "comp:obj":{
      "p":0.6826196474,
      "r":0.6984536082,
      "f":0.6904458599
    },
    "det":{
      "p":0.8206896552,
      "r":0.7828947368,
      "f":0.8013468013
    },
    "subj":{
      "p":0.6190965092,
      "r":0.6048144433,
      "f":0.6118721461
    },
    "comp:aux":{
      "p":0.8779342723,
      "r":0.9033816425,
      "f":0.8904761905
    },
    "mod":{
      "p":0.7164082687,
      "r":0.7288859678,
      "f":0.7225932562
    },
    "mod@tmod":{
      "p":0.6456692913,
      "r":0.5694444444,
      "f":0.6051660517
    },
    "comp:obj@rel":{
      "p":0.6811594203,
      "r":0.5974576271,
      "f":0.6365688488
    },
    "mod@relcl":{
      "p":0.6234567901,
      "r":0.5738636364,
      "f":0.5976331361
    },
    "compound":{
      "p":0.90625,
      "r":0.9402730375,
      "f":0.9229480737
    },
    "comp:obl":{
      "p":0.3583333333,
      "r":0.26875,
      "f":0.3071428571
    },
    "parataxis":{
      "p":0.3890784983,
      "r":0.4418604651,
      "f":0.4137931034
    },
    "comp:pred":{
      "p":0.825136612,
      "r":0.7783505155,
      "f":0.801061008
    },
    "udep":{
      "p":0.5750636132,
      "r":0.5419664269,
      "f":0.5580246914
    },
    "cc":{
      "p":0.6878306878,
      "r":0.6806282723,
      "f":0.6842105263
    },
    "conj:coord":{
      "p":0.7124600639,
      "r":0.6636904762,
      "f":0.687211094
    },
    "comp:obl@agent":{
      "p":0.6666666667,
      "r":0.25,
      "f":0.3636363636
    },
    "comp:aux@pass":{
      "p":0.8108108108,
      "r":0.7317073171,
      "f":0.7692307692
    },
    "conj:appos":{
      "p":0.6,
      "r":0.6057692308,
      "f":0.6028708134
    },
    "flat@foreign":{
      "p":0.9259259259,
      "r":0.9259259259,
      "f":0.9259259259
    },
    "dislocated":{
      "p":0.0,
      "r":0.0,
      "f":0.0
    },
    "subj@pass":{
      "p":0.5217391304,
      "r":0.4137931034,
      "f":0.4615384615
    },
    "discourse":{
      "p":0.5555555556,
      "r":0.6666666667,
      "f":0.6060606061
    },
    "clf":{
      "p":0.9130434783,
      "r":1.0,
      "f":0.9545454545
    },
    "flat@name":{
      "p":0.7333333333,
      "r":0.6790123457,
      "f":0.7051282051
    },
    "comp:obj@adv":{
      "p":1.0,
      "r":0.3333333333,
      "f":0.5
    },
    "dep":{
      "p":0.0,
      "r":0.0,
      "f":0.0
    },
    "udep@tmod":{
      "p":0.5,
      "r":0.2,
      "f":0.2857142857
    },
    "conj:coord@emb":{
      "p":0.0,
      "r":0.0,
      "f":0.0
    },
    "compound@ext":{
      "p":0.0,
      "r":0.0,
      "f":0.0
    },
    "udep@patient":{
      "p":0.6315789474,
      "r":0.5454545455,
      "f":0.5853658537
    },
    "unk":{
      "p":0.0,
      "r":0.0,
      "f":0.0
    }
  },
  "speed":87732.9150098561
}