{
  "token_acc":1.0,
  "token_p":1.0,
  "token_r":1.0,
  "token_f":1.0,
  "tag_acc":0.9076602831,
  "sents_p":0.996007984,
  "sents_r":0.998,
  "sents_f":0.997002997,
  "dep_uas":0.7432586311,
  "dep_las":0.6929618413,
  "dep_las_per_type":{
    "root":{
      "p":0.6866267465,
      "r":0.688,
      "f":0.6873126873
    },
    "comp:obj":{
      "p":0.6948228883,
      "r":0.7121374866,
      "f":0.7033736474
    },
    "det":{
      "p":0.8597122302,
      "r":0.7861842105,
      "f":0.8213058419
    },
    "subj":{
      "p":0.6020565553,
      "r":0.5872617854,
      "f":0.594567149
    },
    "comp:aux":{
      "p":0.8899755501,
      "r":0.8792270531,
      "f":0.8845686513
    },
    "mod":{
      "p":0.7020503126,
      "r":0.7297460701,
      "f":0.7156303268
    },
    "mod@tmod":{
      "p":0.6693227092,
      "r":0.5833333333,
      "f":0.6233766234
    },
    "comp:obj@rel":{
      "p":0.6977777778,
      "r":0.6652542373,
      "f":0.6811279826
    },
    "mod@relcl":{
      "p":0.6474164134,
      "r":0.6051136364,
      "f":0.6255506608
    },
    "compound":{
      "p":0.9197019868,
      "r":0.9479522184,
      "f":0.9336134454
    },
    "comp:obl":{
      "p":0.3552123552,
      "r":0.3016393443,
      "f":0.3262411348
    },
    "parataxis":{
      "p":0.4107142857,
      "r":0.3565891473,
      "f":0.3817427386
    },
    "comp:pred":{
      "p":0.7459207459,
      "r":0.824742268,
      "f":0.7833537332
    },
    "cc":{
      "p":0.7119113573,
      "r":0.6727748691,
      "f":0.6917900404
    },
    "conj:coord":{
      "p":0.7353896104,
      "r":0.6741071429,
      "f":0.7034161491
    },
    "comp:obl@agent":{
      "p":0.3333333333,
      "r":0.125,
      "f":0.1818181818
    },
    "comp:aux@pass":{
      "p":0.6666666667,
      "r":0.7317073171,
      "f":0.6976744186
    },
    "udep":{
      "p":0.480620155,
      "r":0.3850931677,
      "f":0.4275862069
    },
    "conj:appos":{
      "p":0.5314009662,
      "r":0.5263157895,
      "f":0.5288461538
    },
    "flat@foreign":{
      "p":0.9259259259,
      "r":0.9259259259,
      "f":0.9259259259
    },
    "dislocated":{
      "p":0.0,
      "r":0.0,
      "f":0.0
    },
    "subj@pass":{
      "p":0.3773584906,
      "r":0.3448275862,
      "f":0.3603603604
    },
    "discourse":{
      "p":0.5833333333,
      "r":0.7,
      "f":0.6363636364
    },
    "clf":{
      "p":0.975,
      "r":0.9285714286,
      "f":0.9512195122
    },
    "dep":{
      "p":0.0,
      "r":0.0,
      "f":0.0
    },
    "flat@name":{
      "p":0.7379310345,
      "r":0.6604938272,
      "f":0.6970684039
    },
    "comp:obj@adv":{
      "p":1.0,
      "r":0.5833333333,
      "f":0.7368421053
    },
    "udep@tmod":{
      "p":0.6666666667,
      "r":0.2,
      "f":0.3076923077
    },
    "conj:coord@emb":{
      "p":0.0,
      "r":0.0,
      "f":0.0
    },
    "compound@ext":{
      "p":1.0,
      "r":1.0,
      "f":1.0
    },
    "udep@patient":{
      "p":0.7714285714,
      "r":0.6136363636,
      "f":0.6835443038
    },
    "unk":{
      "p":0.0,
      "r":0.0,
      "f":0.0
    }
  },
  "speed":61741.3529645925
}