{
  "token_acc":1.0,
  "token_p":1.0,
  "token_r":1.0,
  "token_f":1.0,
  "tag_acc":0.9457153936,
  "sents_p":0.997979798,
  "sents_r":0.9989888777,
  "sents_f":0.9984840829,
  "dep_uas":0.7970980454,
  "dep_las":0.7561783971,
  "dep_las_per_type":{
    "subj":{
      "p":0.6526806527,
      "r":0.6640316206,
      "f":0.65830721
    },
    "flat":{
      "p":0.6003490401,
      "r":0.6106508876,
      "f":0.6054561455
    },
    "compound":{
      "p":0.7926335175,
      "r":0.8038849458,
      "f":0.7982195846
    },
    "comp:obj":{
      "p":0.8366551127,
      "r":0.838835795,
      "f":0.8377440347
    },
    "mod@poss":{
      "p":0.6734693878,
      "r":0.7415730337,
      "f":0.7058823529
    },
    "udep":{
      "p":0.5925925926,
      "r":0.5987096774,
      "f":0.59563543
    },
    "mod":{
      "p":0.6356407858,
      "r":0.618289354,
      "f":0.6268450185
    },
    "conj:appos":{
      "p":0.4674556213,
      "r":0.4093264249,
      "f":0.4364640884
    },
    "mod@relcl":{
      "p":0.6272321429,
      "r":0.6122004357,
      "f":0.6196251378
    },
    "conj:coord":{
      "p":0.5421052632,
      "r":0.5648994516,
      "f":0.5532676813
    },
    "unk":{
      "p":0.6329113924,
      "r":0.6269592476,
      "f":0.6299212598
    },
    "comp:pred":{
      "p":0.8675496689,
      "r":0.8451612903,
      "f":0.8562091503
    },
    "comp:aux":{
      "p":0.9546862897,
      "r":0.9528411287,
      "f":0.9537628168
    },
    "comp:obl":{
      "p":0.3225806452,
      "r":0.2,
      "f":0.2469135802
    },
    "root":{
      "p":0.8505050505,
      "r":0.8513650152,
      "f":0.8509348156
    },
    "cc":{
      "p":0.53125,
      "r":0.5483870968,
      "f":0.5396825397
    },
    "dep":{
      "p":0.0,
      "r":0.0,
      "f":0.0
    },
    "det@poss":{
      "p":0.8620689655,
      "r":0.7575757576,
      "f":0.8064516129
    },
    "subj@pass":{
      "p":0.88,
      "r":0.3492063492,
      "f":0.5
    },
    "det":{
      "p":0.7666666667,
      "r":0.7752808989,
      "f":0.7709497207
    },
    "udep@poss":{
      "p":0.0,
      "r":0.0,
      "f":0.0
    },
    "conj:coord@emb":{
      "p":0.0,
      "r":0.0,
      "f":0.0
    }
  },
  "speed":90282.7789960886
}