{
  "tag_acc":0.9067329319,
  "sents_p":1.0,
  "sents_r":1.0,
  "sents_f":1.0,
  "dep_uas":0.8399114852,
  "dep_las":0.7859682217,
  "dep_las_per_type":{
    "mod":{
      "p":0.7767779893,
      "r":0.7893441182,
      "f":0.7830106402
    },
    "orphan":{
      "p":0.0,
      "r":0.0,
      "f":0.0
    },
    "root":{
      "p":0.859804631,
      "r":0.859804631,
      "f":0.859804631
    },
    "list":{
      "p":1.0,
      "r":0.1818181818,
      "f":0.3076923077
    },
    "subj":{
      "p":0.7504322767,
      "r":0.7699586044,
      "f":0.7600700525
    },
    "cc":{
      "p":0.8430913349,
      "r":0.8759124088,
      "f":0.8591885442
    },
    "udep@tmod":{
      "p":0.752688172,
      "r":0.8076923077,
      "f":0.7792207792
    },
    "conj:coord":{
      "p":0.7178612059,
      "r":0.5598935226,
      "f":0.629112662
    },
    "comp:obj":{
      "p":0.8127607789,
      "r":0.8246604339,
      "f":0.8186673671
    },
    "discourse@sp":{
      "p":0.7620927937,
      "r":0.7751004016,
      "f":0.768541563
    },
    "udep@lmod":{
      "p":0.7642585551,
      "r":0.6483870968,
      "f":0.7015706806
    },
    "parataxis":{
      "p":0.5247311828,
      "r":0.5020576132,
      "f":0.5131440589
    },
    "comp:pred":{
      "p":0.641350211,
      "r":0.8306010929,
      "f":0.7238095238
    },
    "flat@vv":{
      "p":0.5191256831,
      "r":0.5864197531,
      "f":0.5507246377
    },
    "comp@expl":{
      "p":0.75,
      "r":0.2307692308,
      "f":0.3529411765
    },
    "discourse":{
      "p":0.5806451613,
      "r":0.5,
      "f":0.5373134328
    },
    "udep":{
      "p":0.7280334728,
      "r":0.731092437,
      "f":0.7295597484
    },
    "dislocated":{
      "p":0.5,
      "r":0.0434782609,
      "f":0.08
    },
    "dep":{
      "p":0.0,
      "r":0.0,
      "f":0.0
    },
    "det":{
      "p":0.8158508159,
      "r":0.8860759494,
      "f":0.8495145631
    },
    "flat":{
      "p":0.6506550218,
      "r":0.7303921569,
      "f":0.688221709
    },
    "clf":{
      "p":0.8333333333,
      "r":0.7142857143,
      "f":0.7692307692
    },
    "comp:obl":{
      "p":0.7010676157,
      "r":0.6700680272,
      "f":0.6852173913
    },
    "comp:aux":{
      "p":0.9168975069,
      "r":0.8826666667,
      "f":0.8994565217
    },
    "compound":{
      "p":0.8666666667,
      "r":0.824088748,
      "f":0.8448415922
    },
    "unk":{
      "p":0.9066666667,
      "r":0.7234042553,
      "f":0.8047337278
    },
    "vocative":{
      "p":0.0,
      "r":0.0,
      "f":0.0
    },
    "compound@redup":{
      "p":0.6,
      "r":0.375,
      "f":0.4615384615
    },
    "subj@pass":{
      "p":0.0,
      "r":0.0,
      "f":0.0
    },
    "unk@expl":{
      "p":0.0,
      "r":0.0,
      "f":0.0
    },
    "conj:coord@emb":{
      "p":0.0,
      "r":0.0,
      "f":0.0
    },
    "flat@foreign":{
      "p":1.0,
      "r":1.0,
      "f":1.0
    }
  },
  "speed":123192.4294873451
}