{
  "token_acc":1.0,
  "token_p":1.0,
  "token_r":1.0,
  "token_f":1.0,
  "tag_acc":0.9244641034,
  "sents_p":0.9892857143,
  "sents_r":0.9946140036,
  "sents_f":0.9919427037,
  "dep_uas":0.8437145534,
  "dep_las":0.7448833654,
  "dep_las_per_type":{
    "subj@pass":{
      "p":0.6949152542,
      "r":0.7130434783,
      "f":0.7038626609
    },
    "udep":{
      "p":0.5345454545,
      "r":0.5130890052,
      "f":0.5235975067
    },
    "mod":{
      "p":0.6704352742,
      "r":0.6193211488,
      "f":0.6438653637
    },
    "comp:obj":{
      "p":0.8588356517,
      "r":0.866874675,
      "f":0.8628364389
    },
    "root":{
      "p":0.8517857143,
      "r":0.8563734291,
      "f":0.8540734109
    },
    "flat@name":{
      "p":0.8231780167,
      "r":0.8788265306,
      "f":0.8500925355
    },
    "udep@tmod":{
      "p":0.7101449275,
      "r":0.6805555556,
      "f":0.695035461
    },
    "cc":{
      "p":0.864640884,
      "r":0.8718662953,
      "f":0.8682385576
    },
    "conj:coord":{
      "p":0.6280373832,
      "r":0.6679920477,
      "f":0.6473988439
    },
    "conj:coord@emb":{
      "p":0.0,
      "r":0.0,
      "f":0.0
    },
    "comp:pred":{
      "p":0.8532110092,
      "r":0.8017241379,
      "f":0.8266666667
    },
    "subj":{
      "p":0.7921195652,
      "r":0.7899728997,
      "f":0.7910447761
    },
    "mod@relcl":{
      "p":0.7042253521,
      "r":0.7220216606,
      "f":0.7130124777
    },
    "comp:obl":{
      "p":0.5926829268,
      "r":0.6962750716,
      "f":0.6403162055
    },
    "unk":{
      "p":0.4193548387,
      "r":0.3939393939,
      "f":0.40625
    },
    "comp:aux":{
      "p":0.8992248062,
      "r":0.9133858268,
      "f":0.90625
    },
    "compound":{
      "p":0.7183499289,
      "r":0.7526080477,
      "f":0.7350800582
    },
    "conj:appos":{
      "p":0.6367924528,
      "r":0.6338028169,
      "f":0.6352941176
    },
    "mod@poss":{
      "p":0.8611111111,
      "r":0.9253731343,
      "f":0.8920863309
    },
    "flat":{
      "p":0.9411764706,
      "r":0.4324324324,
      "f":0.5925925926
    },
    "det":{
      "p":0.8782051282,
      "r":0.808259587,
      "f":0.841781874
    },
    "parataxis":{
      "p":0.1090909091,
      "r":0.1463414634,
      "f":0.125
    },
    "mod@emph":{
      "p":0.9047619048,
      "r":0.8636363636,
      "f":0.8837209302
    },
    "comp:obj@adv":{
      "p":0.5,
      "r":0.3529411765,
      "f":0.4137931034
    },
    "dep":{
      "p":0.0,
      "r":0.0,
      "f":0.0
    },
    "mod@lmod":{
      "p":0.3333333333,
      "r":0.1428571429,
      "f":0.2
    },
    "goeswith":{
      "p":0.6666666667,
      "r":0.380952381,
      "f":0.4848484848
    },
    "mod@tmod":{
      "p":0.0,
      "r":0.0,
      "f":0.0
    },
    "comp:obl@agent":{
      "p":0.75,
      "r":0.4285714286,
      "f":0.5454545455
    },
    "discourse":{
      "p":0.0,
      "r":0.0,
      "f":0.0
    },
    "flat@foreign":{
      "p":0.0,
      "r":0.0,
      "f":0.0
    },
    "clf":{
      "p":0.0,
      "r":0.0,
      "f":0.0
    }
  },
  "speed":69253.5796645696
}