{
  "token_acc":1.0,
  "token_p":1.0,
  "token_r":1.0,
  "token_f":1.0,
  "tag_acc":0.9016926136,
  "sents_p":0.9824368825,
  "sents_r":0.9911406423,
  "sents_f":0.98676957,
  "dep_uas":0.6869877298,
  "dep_las":0.5569620253,
  "dep_las_per_type":{
    "orphan":{
      "p":0.349726776,
      "r":0.2519685039,
      "f":0.2929061785
    },
    "comp:obj":{
      "p":0.6546689304,
      "r":0.6905444126,
      "f":0.67212829
    },
    "flat":{
      "p":0.5502998001,
      "r":0.5812807882,
      "f":0.5653661875
    },
    "root":{
      "p":0.8115623857,
      "r":0.8187523071,
      "f":0.8151414921
    },
    "mod":{
      "p":0.4979647218,
      "r":0.5437037037,
      "f":0.5198300283
    },
    "conj:coord":{
      "p":0.3917525773,
      "r":0.3977669225,
      "f":0.3947368421
    },
    "comp:obl":{
      "p":0.3736263736,
      "r":0.3333333333,
      "f":0.3523316062
    },
    "conj:coord@emb":{
      "p":0.0,
      "r":0.0,
      "f":0.0
    },
    "udep@instr":{
      "p":0.3984375,
      "r":0.4573991031,
      "f":0.4258872651
    },
    "mod@tcl":{
      "p":0.3164556962,
      "r":0.3289473684,
      "f":0.3225806452
    },
    "compound@coord":{
      "p":0.4154929577,
      "r":0.3734177215,
      "f":0.3933333333
    },
    "mod@ccomp":{
      "p":0.4472049689,
      "r":0.4965517241,
      "f":0.4705882353
    },
    "det":{
      "p":0.5828343313,
      "r":0.4794745484,
      "f":0.5261261261
    },
    "subj":{
      "p":0.5708481463,
      "r":0.5950238221,
      "f":0.5826853292
    },
    "parataxis":{
      "p":0.2710280374,
      "r":0.2338709677,
      "f":0.2510822511
    },
    "mod@relcl":{
      "p":0.3576642336,
      "r":0.2677595628,
      "f":0.30625
    },
    "cc":{
      "p":0.7707865169,
      "r":0.7329059829,
      "f":0.7513691128
    },
    "dep":{
      "p":0.0,
      "r":0.0,
      "f":0.0
    },
    "udep@grad":{
      "p":0.2857142857,
      "r":0.2352941176,
      "f":0.2580645161
    },
    "udep@lmod":{
      "p":0.3689320388,
      "r":0.2389937107,
      "f":0.2900763359
    },
    "discourse":{
      "p":0.7408284024,
      "r":0.7551266586,
      "f":0.7479091995
    },
    "udep@goal":{
      "p":0.4523809524,
      "r":0.387755102,
      "f":0.4175824176
    },
    "mod@appos":{
      "p":0.0862068966,
      "r":0.0476190476,
      "f":0.0613496933
    },
    "comp:pred":{
      "p":0.4369747899,
      "r":0.3598615917,
      "f":0.394686907
    },
    "udep":{
      "p":0.0975609756,
      "r":0.0333333333,
      "f":0.049689441
    },
    "vocative":{
      "p":0.3924050633,
      "r":0.3369565217,
      "f":0.3625730994
    },
    "comp:obl@agent":{
      "p":0.1428571429,
      "r":0.0952380952,
      "f":0.1142857143
    },
    "comp:pred@result":{
      "p":0.34,
      "r":0.2698412698,
      "f":0.3008849558
    },
    "udep@tmod":{
      "p":0.3506493506,
      "r":0.2783505155,
      "f":0.3103448276
    },
    "mod@dpct":{
      "p":0.0740740741,
      "r":0.0210526316,
      "f":0.0327868852
    },
    "unk":{
      "p":0.825,
      "r":0.75,
      "f":0.7857142857
    },
    "udep@source":{
      "p":0.2571428571,
      "r":0.1956521739,
      "f":0.2222222222
    },
    "mod@manner":{
      "p":0.4459459459,
      "r":0.3707865169,
      "f":0.4049079755
    },
    "mod@cond":{
      "p":0.2962962963,
      "r":0.2285714286,
      "f":0.2580645161
    },
    "udep@path":{
      "p":0.0,
      "r":0.0,
      "f":0.0
    },
    "udep@manner":{
      "p":0.3125,
      "r":0.4,
      "f":0.350877193
    },
    "mod@fin":{
      "p":0.306122449,
      "r":0.2727272727,
      "f":0.2884615385
    },
    "udep@benef":{
      "p":0.2222222222,
      "r":0.12,
      "f":0.1558441558
    },
    "conj:appos":{
      "p":0.5555555556,
      "r":0.2127659574,
      "f":0.3076923077
    },
    "comp:aux":{
      "p":0.5652173913,
      "r":0.4814814815,
      "f":0.52
    },
    "udep@soc":{
      "p":0.2105263158,
      "r":0.0952380952,
      "f":0.131147541
    },
    "dislocated":{
      "p":0.0,
      "r":0.0,
      "f":0.0
    },
    "compound":{
      "p":0.0,
      "r":0.0,
      "f":0.0
    },
    "comp:obj@sim":{
      "p":0.5625,
      "r":0.6971830986,
      "f":0.6226415094
    },
    "mod@ptcp":{
      "p":0.2857142857,
      "r":0.0465116279,
      "f":0.08
    },
    "mod@caus":{
      "p":0.45,
      "r":0.2195121951,
      "f":0.2950819672
    },
    "mod@concess":{
      "p":1.0,
      "r":0.1111111111,
      "f":0.2
    },
    "mod@crel":{
      "p":0.0,
      "r":0.0,
      "f":0.0
    },
    "mod@attr":{
      "p":0.0,
      "r":0.0,
      "f":0.0
    },
    "comp:obl@rel":{
      "p":0.0,
      "r":0.0,
      "f":0.0
    },
    "comp:obj@rel":{
      "p":0.0,
      "r":0.0,
      "f":0.0
    },
    "comp:obj@result":{
      "p":0.0,
      "r":0.0,
      "f":0.0
    },
    "mod@pred":{
      "p":0.0,
      "r":0.0,
      "f":0.0
    },
    "compound@name":{
      "p":0.0,
      "r":0.0,
      "f":0.0
    },
    "mod@lcl":{
      "p":0.0,
      "r":0.0,
      "f":0.0
    },
    "mod@consec":{
      "p":0.0,
      "r":0.0,
      "f":0.0
    }
  },
  "speed":109439.867732334
}