{
  "token_acc":0.9959263611,
  "token_p":0.966431649,
  "token_r":0.9832230812,
  "token_f":0.9747550569,
  "tag_acc":0.9320543565,
  "sents_p":0.7485802788,
  "sents_r":0.6981222918,
  "sents_f":0.7224713503,
  "dep_uas":0.8446515858,
  "dep_las":0.79538486,
  "dep_las_per_type":{
    "root":{
      "p":0.8430562726,
      "r":0.7862301396,
      "f":0.8136522172
    },
    "mod":{
      "p":0.7541942044,
      "r":0.7236585366,
      "f":0.7386109037
    },
    "subj":{
      "p":0.8865461847,
      "r":0.8874371859,
      "f":0.8869914616
    },
    "comp:obj":{
      "p":0.8814604078,
      "r":0.9099363681,
      "f":0.8954720617
    },
    "comp:obl":{
      "p":0.6437098255,
      "r":0.7537634409,
      "f":0.6944031699
    },
    "mod@poss":{
      "p":0.9411764706,
      "r":0.918429003,
      "f":0.9296636086
    },
    "compound":{
      "p":0.6586345382,
      "r":0.6728205128,
      "f":0.6656519533
    },
    "cc":{
      "p":0.8952380952,
      "r":0.8773333333,
      "f":0.8861952862
    },
    "conj:coord":{
      "p":0.6586206897,
      "r":0.6789099526,
      "f":0.6686114352
    },
    "det":{
      "p":0.9463601533,
      "r":0.9453253144,
      "f":0.9458424508
    },
    "flat":{
      "p":0.7156549521,
      "r":0.625698324,
      "f":0.6676602086
    },
    "udep":{
      "p":0.5495750708,
      "r":0.586102719,
      "f":0.567251462
    },
    "udep@unmarked":{
      "p":0.5357142857,
      "r":0.5309734513,
      "f":0.5333333333
    },
    "comp:pred":{
      "p":0.8258992806,
      "r":0.8165007112,
      "f":0.8211731044
    },
    "mod@relcl":{
      "p":0.675,
      "r":0.6367924528,
      "f":0.6553398058
    },
    "udep@poss":{
      "p":0.8846153846,
      "r":0.8214285714,
      "f":0.8518518519
    },
    "comp:aux":{
      "p":0.9743276284,
      "r":0.9767156863,
      "f":0.9755201958
    },
    "subj@pass":{
      "p":0.819047619,
      "r":0.7889908257,
      "f":0.8037383178
    },
    "comp:aux@pass":{
      "p":0.8939393939,
      "r":0.9593495935,
      "f":0.9254901961
    },
    "unk":{
      "p":0.859375,
      "r":0.859375,
      "f":0.859375
    },
    "goeswith":{
      "p":0.4444444444,
      "r":0.2666666667,
      "f":0.3333333333
    },
    "compound@prt":{
      "p":0.7282608696,
      "r":0.7528089888,
      "f":0.7403314917
    },
    "parataxis":{
      "p":0.3251231527,
      "r":0.2844827586,
      "f":0.3034482759
    },
    "comp:obl@agent":{
      "p":0.9166666667,
      "r":0.9166666667,
      "f":0.9166666667
    },
    "comp@expl":{
      "p":0.8679245283,
      "r":0.8214285714,
      "f":0.8440366972
    },
    "conj:appos":{
      "p":0.2588235294,
      "r":0.4459459459,
      "f":0.3275434243
    },
    "mod@unmarked":{
      "p":0.5904761905,
      "r":0.5585585586,
      "f":0.5740740741
    },
    "cc@preconj":{
      "p":1.0,
      "r":0.8,
      "f":0.8888888889
    },
    "mod@desc":{
      "p":0.5714285714,
      "r":0.5454545455,
      "f":0.5581395349
    },
    "conj:coord@emb":{
      "p":0.375,
      "r":0.1764705882,
      "f":0.24
    },
    "unk@expl":{
      "p":0.0,
      "r":0.0,
      "f":0.0
    },
    "discourse":{
      "p":0.6666666667,
      "r":0.5714285714,
      "f":0.6153846154
    },
    "list":{
      "p":0.4141414141,
      "r":0.1413793103,
      "f":0.2107969152
    },
    "vocative":{
      "p":0.3,
      "r":0.2857142857,
      "f":0.2926829268
    },
    "dep":{
      "p":0.0,
      "r":0.0,
      "f":0.0
    },
    "reparandum":{
      "p":0.0,
      "r":0.0,
      "f":0.0
    },
    "det@predet":{
      "p":0.88,
      "r":0.88,
      "f":0.88
    },
    "orphan":{
      "p":0.0,
      "r":0.0,
      "f":0.0
    }
  },
  "speed":132319.7855524005
}