{
  "token_acc":1.0,
  "token_p":1.0,
  "token_r":1.0,
  "token_f":1.0,
  "tag_acc":0.8964053213,
  "sents_p":0.9970631424,
  "sents_r":0.9985294118,
  "sents_f":0.9977957384,
  "dep_uas":0.8483842661,
  "dep_las":0.797756667,
  "dep_las_per_type":{
    "root":{
      "p":0.93979442,
      "r":0.9411764706,
      "f":0.9404849375
    },
    "subj":{
      "p":0.8053769725,
      "r":0.798377752,
      "f":0.801862089
    },
    "mod":{
      "p":0.8510225066,
      "r":0.8562068966,
      "f":0.8536068298
    },
    "parataxis":{
      "p":0.8689138577,
      "r":0.9027237354,
      "f":0.8854961832
    },
    "comp:obj":{
      "p":0.8998216891,
      "r":0.9037772712,
      "f":0.9017951426
    },
    "unk":{
      "p":0.7126168224,
      "r":0.6340956341,
      "f":0.6710671067
    },
    "comp:obl":{
      "p":0.6513470681,
      "r":0.6672077922,
      "f":0.6591820369
    },
    "cc":{
      "p":0.8113975577,
      "r":0.8265376641,
      "f":0.8188976378
    },
    "conj:coord":{
      "p":0.5359160613,
      "r":0.5622353937,
      "f":0.5487603306
    },
    "udep":{
      "p":0.5944558522,
      "r":0.5864280891,
      "f":0.5904146839
    },
    "comp:pred":{
      "p":0.5538461538,
      "r":0.5,
      "f":0.5255474453
    },
    "mod@pred":{
      "p":0.5923076923,
      "r":0.4556213018,
      "f":0.5150501672
    },
    "subj@pass":{
      "p":0.5333333333,
      "r":0.4347826087,
      "f":0.4790419162
    },
    "mod@relcl":{
      "p":0.7066115702,
      "r":0.7402597403,
      "f":0.7230443975
    },
    "conj:coord@emb":{
      "p":0.1333333333,
      "r":0.0476190476,
      "f":0.0701754386
    },
    "mod@emph":{
      "p":0.4659090909,
      "r":0.4226804124,
      "f":0.4432432432
    },
    "flat":{
      "p":0.7931034483,
      "r":0.7931034483,
      "f":0.7931034483
    },
    "det":{
      "p":0.9272727273,
      "r":0.85,
      "f":0.8869565217
    },
    "comp:aux":{
      "p":0.8768115942,
      "r":0.9029850746,
      "f":0.8897058824
    },
    "comp:aux@pass":{
      "p":0.75,
      "r":0.2307692308,
      "f":0.3529411765
    },
    "dep":{
      "p":0.0,
      "r":0.0,
      "f":0.0
    },
    "conj:appos":{
      "p":0.7906976744,
      "r":0.4927536232,
      "f":0.6071428571
    },
    "dislocated":{
      "p":0.5,
      "r":0.2307692308,
      "f":0.3157894737
    },
    "orphan":{
      "p":0.0,
      "r":0.0,
      "f":0.0
    },
    "compound":{
      "p":0.0,
      "r":0.0,
      "f":0.0
    }
  },
  "speed":114046.071838799
}