{
  "token_acc":1.0,
  "token_p":1.0,
  "token_r":1.0,
  "token_f":1.0,
  "tag_acc":0.9073272273,
  "sents_p":0.9920318725,
  "sents_r":0.996,
  "sents_f":0.994011976,
  "dep_uas":0.7414946205,
  "dep_las":0.6909954444,
  "dep_las_per_type":{
    "root":{
      "p":0.6832669323,
      "r":0.686,
      "f":0.6846307385
    },
    "comp:obj":{
      "p":0.6913061739,
      "r":0.7070446735,
      "f":0.699086855
    },
    "det":{
      "p":0.8633093525,
      "r":0.7894736842,
      "f":0.824742268
    },
    "subj":{
      "p":0.5928205128,
      "r":0.5797392177,
      "f":0.5862068966
    },
    "comp:aux":{
      "p":0.887804878,
      "r":0.8792270531,
      "f":0.8834951456
    },
    "mod":{
      "p":0.7026553837,
      "r":0.7279322854,
      "f":0.7150705271
    },
    "mod@tmod":{
      "p":0.656,
      "r":0.5694444444,
      "f":0.6096654275
    },
    "comp:obj@rel":{
      "p":0.7013574661,
      "r":0.656779661,
      "f":0.6783369803
    },
    "mod@relcl":{
      "p":0.6606060606,
      "r":0.6193181818,
      "f":0.6392961877
    },
    "compound":{
      "p":0.9216666667,
      "r":0.9436860068,
      "f":0.9325463744
    },
    "comp:obl":{
      "p":0.3875968992,
      "r":0.3246753247,
      "f":0.3533568905
    },
    "parataxis":{
      "p":0.4342105263,
      "r":0.3837209302,
      "f":0.4074074074
    },
    "comp:pred":{
      "p":0.7409090909,
      "r":0.8402061856,
      "f":0.7874396135
    },
    "cc":{
      "p":0.6966292135,
      "r":0.6492146597,
      "f":0.6720867209
    },
    "conj:coord":{
      "p":0.7245901639,
      "r":0.6577380952,
      "f":0.6895475819
    },
    "comp:obl@agent":{
      "p":0.3333333333,
      "r":0.125,
      "f":0.1818181818
    },
    "comp:aux@pass":{
      "p":0.6530612245,
      "r":0.7804878049,
      "f":0.7111111111
    },
    "udep":{
      "p":0.4852941176,
      "r":0.417721519,
      "f":0.4489795918
    },
    "conj:appos":{
      "p":0.5288461538,
      "r":0.5288461538,
      "f":0.5288461538
    },
    "flat@foreign":{
      "p":0.9259259259,
      "r":0.9259259259,
      "f":0.9259259259
    },
    "dislocated":{
      "p":0.0,
      "r":0.0,
      "f":0.0
    },
    "subj@pass":{
      "p":0.3571428571,
      "r":0.3448275862,
      "f":0.350877193
    },
    "discourse":{
      "p":0.5555555556,
      "r":0.6666666667,
      "f":0.6060606061
    },
    "clf":{
      "p":0.9523809524,
      "r":0.9523809524,
      "f":0.9523809524
    },
    "dep":{
      "p":0.0,
      "r":0.0,
      "f":0.0
    },
    "flat@name":{
      "p":0.7323943662,
      "r":0.6419753086,
      "f":0.6842105263
    },
    "comp:obj@adv":{
      "p":1.0,
      "r":0.5833333333,
      "f":0.7368421053
    },
    "udep@tmod":{
      "p":0.5,
      "r":0.1333333333,
      "f":0.2105263158
    },
    "conj:coord@emb":{
      "p":0.0,
      "r":0.0,
      "f":0.0
    },
    "compound@ext":{
      "p":1.0,
      "r":1.0,
      "f":1.0
    },
    "udep@patient":{
      "p":0.7777777778,
      "r":0.6363636364,
      "f":0.7
    },
    "unk":{
      "p":0.0,
      "r":0.0,
      "f":0.0
    }
  },
  "speed":63791.7023259682
}