{
  "token_acc":1.0,
  "token_p":1.0,
  "token_r":1.0,
  "token_f":1.0,
  "tag_acc":0.7279266935,
  "sents_p":0.997979798,
  "sents_r":0.9989888777,
  "sents_f":0.9984840829,
  "dep_uas":0.6661756763,
  "dep_las":0.5749496735,
  "dep_las_per_type":{
    "subj":{
      "p":0.5374203822,
      "r":0.5335968379,
      "f":0.535501785
    },
    "flat":{
      "p":0.6947058824,
      "r":0.698816568,
      "f":0.6967551622
    },
    "mod@poss":{
      "p":0.3264094955,
      "r":0.4119850187,
      "f":0.3642384106
    },
    "udep":{
      "p":0.39124487,
      "r":0.3690322581,
      "f":0.379814077
    },
    "mod":{
      "p":0.5432372506,
      "r":0.5573248408,
      "f":0.5501908826
    },
    "conj:appos":{
      "p":0.68125,
      "r":0.5647668394,
      "f":0.6175637394
    },
    "mod@relcl":{
      "p":0.5292740047,
      "r":0.4923747277,
      "f":0.5101580135
    },
    "conj:coord":{
      "p":0.3727272727,
      "r":0.3747714808,
      "f":0.3737465816
    },
    "unk":{
      "p":0.6163934426,
      "r":0.5893416928,
      "f":0.6025641026
    },
    "comp:pred":{
      "p":0.6428571429,
      "r":0.6428571429,
      "f":0.6428571429
    },
    "comp:obj":{
      "p":0.5587989992,
      "r":0.5654008439,
      "f":0.5620805369
    },
    "comp:obl":{
      "p":0.3225806452,
      "r":0.2,
      "f":0.2469135802
    },
    "root":{
      "p":0.8353535354,
      "r":0.83619818,
      "f":0.8357756443
    },
    "subj@pass":{
      "p":0.3863636364,
      "r":0.2698412698,
      "f":0.3177570093
    },
    "dep":{
      "p":0.0,
      "r":0.0,
      "f":0.0
    },
    "cc":{
      "p":0.6176470588,
      "r":0.6774193548,
      "f":0.6461538462
    },
    "det@poss":{
      "p":0.8275862069,
      "r":0.7272727273,
      "f":0.7741935484
    },
    "det":{
      "p":0.8717948718,
      "r":0.7640449438,
      "f":0.8143712575
    },
    "comp:aux":{
      "p":0.75,
      "r":0.75,
      "f":0.75
    },
    "udep@poss":{
      "p":0.0,
      "r":0.0,
      "f":0.0
    },
    "compound":{
      "p":0.0,
      "r":0.0,
      "f":0.0
    },
    "conj:coord@emb":{
      "p":1.0,
      "r":0.1666666667,
      "f":0.2857142857
    }
  },
  "speed":44593.1405230075
}