{
  "token_acc":1.0,
  "token_p":1.0,
  "token_r":1.0,
  "token_f":1.0,
  "tag_acc":0.9451337728,
  "sents_p":1.0,
  "sents_r":1.0,
  "sents_f":1.0,
  "dep_uas":0.7997807819,
  "dep_las":0.7596429876,
  "dep_las_per_type":{
    "subj":{
      "p":0.6457680251,
      "r":0.6513833992,
      "f":0.6485635577
    },
    "flat":{
      "p":0.600896861,
      "r":0.6343195266,
      "f":0.6171560161
    },
    "compound":{
      "p":0.8006008261,
      "r":0.7964138962,
      "f":0.7985018727
    },
    "comp:obj":{
      "p":0.8453990406,
      "r":0.8420938315,
      "f":0.8437431991
    },
    "mod@poss":{
      "p":0.6560283688,
      "r":0.6928838951,
      "f":0.6739526412
    },
    "udep":{
      "p":0.6002239642,
      "r":0.6247086247,
      "f":0.6122215877
    },
    "mod":{
      "p":0.6348314607,
      "r":0.6372180451,
      "f":0.6360225141
    },
    "conj:appos":{
      "p":0.5,
      "r":0.3989637306,
      "f":0.4438040346
    },
    "mod@relcl":{
      "p":0.6050420168,
      "r":0.6274509804,
      "f":0.6160427807
    },
    "conj:coord":{
      "p":0.5568181818,
      "r":0.5374771481,
      "f":0.5469767442
    },
    "unk":{
      "p":0.7216117216,
      "r":0.6175548589,
      "f":0.6655405405
    },
    "comp:pred":{
      "p":0.8681672026,
      "r":0.8709677419,
      "f":0.8695652174
    },
    "comp:aux":{
      "p":0.9575214341,
      "r":0.9497487437,
      "f":0.9536192509
    },
    "comp:obl":{
      "p":0.4782608696,
      "r":0.2972972973,
      "f":0.3666666667
    },
    "root":{
      "p":0.8523761375,
      "r":0.8523761375,
      "f":0.8523761375
    },
    "det@poss":{
      "p":0.9,
      "r":0.5454545455,
      "f":0.679245283
    },
    "subj@pass":{
      "p":0.5818181818,
      "r":0.5079365079,
      "f":0.5423728814
    },
    "cc":{
      "p":0.5714285714,
      "r":0.5161290323,
      "f":0.5423728814
    },
    "conj:coord@emb":{
      "p":0.0,
      "r":0.0,
      "f":0.0
    },
    "dep":{
      "p":0.0,
      "r":0.0,
      "f":0.0
    },
    "det":{
      "p":0.8846153846,
      "r":0.7752808989,
      "f":0.8263473054
    },
    "udep@poss":{
      "p":0.0,
      "r":0.0,
      "f":0.0
    }
  },
  "speed":87082.5633025526
}