{
  "token_acc":1.0,
  "token_p":1.0,
  "token_r":1.0,
  "token_f":1.0,
  "tag_acc":0.9004316407,
  "sents_p":0.9955801105,
  "sents_r":0.9977851606,
  "sents_f":0.9966814159,
  "dep_uas":0.6869392308,
  "dep_las":0.5579320045,
  "dep_las_per_type":{
    "orphan":{
      "p":0.3183673469,
      "r":0.3070866142,
      "f":0.3126252505
    },
    "comp:obj":{
      "p":0.6459793126,
      "r":0.6934097421,
      "f":0.6688547245
    },
    "flat":{
      "p":0.6280388979,
      "r":0.54539057,
      "f":0.5838041431
    },
    "root":{
      "p":0.8173112339,
      "r":0.819121447,
      "f":0.8182153392
    },
    "mod":{
      "p":0.5197193322,
      "r":0.5767991407,
      "f":0.5467735777
    },
    "comp:obl":{
      "p":0.4337748344,
      "r":0.3775216138,
      "f":0.4036979969
    },
    "udep":{
      "p":0.2544483986,
      "r":0.2348111658,
      "f":0.244235696
    },
    "conj:coord":{
      "p":0.3687150838,
      "r":0.4145150035,
      "f":0.3902759527
    },
    "conj:coord@emb":{
      "p":0.0,
      "r":0.0,
      "f":0.0
    },
    "udep@instr":{
      "p":0.3856502242,
      "r":0.3856502242,
      "f":0.3856502242
    },
    "mod@tcl":{
      "p":0.3529411765,
      "r":0.3947368421,
      "f":0.3726708075
    },
    "compound@coord":{
      "p":0.587628866,
      "r":0.3607594937,
      "f":0.4470588235
    },
    "udep@tmod":{
      "p":0.2533333333,
      "r":0.1958762887,
      "f":0.2209302326
    },
    "subj":{
      "p":0.5611364789,
      "r":0.5854949709,
      "f":0.5730569948
    },
    "mod@ccomp":{
      "p":0.4421768707,
      "r":0.4482758621,
      "f":0.4452054795
    },
    "det":{
      "p":0.5701598579,
      "r":0.5270935961,
      "f":0.54778157
    },
    "parataxis":{
      "p":0.3173076923,
      "r":0.2661290323,
      "f":0.2894736842
    },
    "mod@relcl":{
      "p":0.2831325301,
      "r":0.2568306011,
      "f":0.2693409742
    },
    "cc":{
      "p":0.7860262009,
      "r":0.7692307692,
      "f":0.777537797
    },
    "udep@lmod":{
      "p":0.2966101695,
      "r":0.2201257862,
      "f":0.2527075812
    },
    "discourse":{
      "p":0.7437125749,
      "r":0.7490952955,
      "f":0.7463942308
    },
    "mod@appos":{
      "p":0.1081081081,
      "r":0.0380952381,
      "f":0.0563380282
    },
    "udep@source":{
      "p":0.2592592593,
      "r":0.2282608696,
      "f":0.2427745665
    },
    "udep@goal":{
      "p":0.3913043478,
      "r":0.4132653061,
      "f":0.4019851117
    },
    "udep@soc":{
      "p":0.0769230769,
      "r":0.0476190476,
      "f":0.0588235294
    },
    "comp:pred":{
      "p":0.4581280788,
      "r":0.321799308,
      "f":0.3780487805
    },
    "mod@manner":{
      "p":0.3181818182,
      "r":0.2359550562,
      "f":0.2709677419
    },
    "dep":{
      "p":0.0,
      "r":0.0,
      "f":0.0
    },
    "vocative":{
      "p":0.3835616438,
      "r":0.3043478261,
      "f":0.3393939394
    },
    "comp:obl@agent":{
      "p":0.0666666667,
      "r":0.0476190476,
      "f":0.0555555556
    },
    "comp:aux":{
      "p":0.68,
      "r":0.6296296296,
      "f":0.6538461538
    },
    "unk":{
      "p":0.7971014493,
      "r":0.8333333333,
      "f":0.8148148148
    },
    "mod@cond":{
      "p":0.3018867925,
      "r":0.2285714286,
      "f":0.2601626016
    },
    "mod@dpct":{
      "p":0.0740740741,
      "r":0.0210526316,
      "f":0.0327868852
    },
    "comp:pred@result":{
      "p":0.3333333333,
      "r":0.2380952381,
      "f":0.2777777778
    },
    "udep@path":{
      "p":0.0,
      "r":0.0,
      "f":0.0
    },
    "udep@manner":{
      "p":0.2637362637,
      "r":0.32,
      "f":0.2891566265
    },
    "mod@fin":{
      "p":0.3617021277,
      "r":0.3090909091,
      "f":0.3333333333
    },
    "udep@benef":{
      "p":0.2857142857,
      "r":0.08,
      "f":0.125
    },
    "dislocated":{
      "p":0.0,
      "r":0.0,
      "f":0.0
    },
    "mod@ptcp":{
      "p":0.375,
      "r":0.0697674419,
      "f":0.1176470588
    },
    "conj:appos":{
      "p":0.3076923077,
      "r":0.170212766,
      "f":0.2191780822
    },
    "compound":{
      "p":0.0,
      "r":0.0,
      "f":0.0
    },
    "udep@grad":{
      "p":0.5714285714,
      "r":0.2352941176,
      "f":0.3333333333
    },
    "comp:obj@sim":{
      "p":0.5821917808,
      "r":0.5985915493,
      "f":0.5902777778
    },
    "mod@caus":{
      "p":0.380952381,
      "r":0.1951219512,
      "f":0.2580645161
    },
    "mod@concess":{
      "p":0.0,
      "r":0.0,
      "f":0.0
    },
    "mod@crel":{
      "p":0.0,
      "r":0.0,
      "f":0.0
    },
    "mod@attr":{
      "p":0.0,
      "r":0.0,
      "f":0.0
    },
    "comp:obl@rel":{
      "p":0.0,
      "r":0.0,
      "f":0.0
    },
    "comp:obj@rel":{
      "p":0.0,
      "r":0.0,
      "f":0.0
    },
    "comp:obj@result":{
      "p":0.0,
      "r":0.0,
      "f":0.0
    },
    "mod@pred":{
      "p":0.0,
      "r":0.0,
      "f":0.0
    },
    "compound@name":{
      "p":0.0,
      "r":0.0,
      "f":0.0
    },
    "mod@lcl":{
      "p":0.0,
      "r":0.0,
      "f":0.0
    },
    "mod@consec":{
      "p":0.0,
      "r":0.0,
      "f":0.0
    }
  },
  "speed":107172.6286369838
}