{
  "token_acc":1.0,
  "token_p":1.0,
  "token_r":1.0,
  "token_f":1.0,
  "tag_acc":0.9075770192,
  "sents_p":0.9920318725,
  "sents_r":0.996,
  "sents_f":0.994011976,
  "dep_uas":0.7261714396,
  "dep_las":0.6762610845,
  "dep_las_per_type":{
    "root":{
      "p":0.6693227092,
      "r":0.672,
      "f":0.6706586826
    },
    "comp:obj":{
      "p":0.6676409186,
      "r":0.6868556701,
      "f":0.6771120051
    },
    "det":{
      "p":0.8467153285,
      "r":0.7631578947,
      "f":0.8027681661
    },
    "subj":{
      "p":0.5932721713,
      "r":0.5837512538,
      "f":0.5884732053
    },
    "comp:aux":{
      "p":0.8537735849,
      "r":0.8743961353,
      "f":0.8639618138
    },
    "mod":{
      "p":0.7071034706,
      "r":0.7117205354,
      "f":0.7094044907
    },
    "mod@tmod":{
      "p":0.6806722689,
      "r":0.5625,
      "f":0.6159695817
    },
    "comp:obj@rel":{
      "p":0.6771300448,
      "r":0.6398305085,
      "f":0.6579520697
    },
    "mod@relcl":{
      "p":0.5976331361,
      "r":0.5738636364,
      "f":0.5855072464
    },
    "compound":{
      "p":0.9166666667,
      "r":0.9385665529,
      "f":0.9274873524
    },
    "comp:obl":{
      "p":0.3046875,
      "r":0.2785714286,
      "f":0.2910447761
    },
    "comp:pred":{
      "p":0.7807486631,
      "r":0.7525773196,
      "f":0.7664041995
    },
    "parataxis":{
      "p":0.3903345725,
      "r":0.4069767442,
      "f":0.3984819734
    },
    "udep":{
      "p":0.5456674473,
      "r":0.5587529976,
      "f":0.5521327014
    },
    "cc":{
      "p":0.6391752577,
      "r":0.6492146597,
      "f":0.6441558442
    },
    "conj:coord":{
      "p":0.7123745819,
      "r":0.6339285714,
      "f":0.6708661417
    },
    "comp:obl@agent":{
      "p":0.3333333333,
      "r":0.375,
      "f":0.3529411765
    },
    "comp:aux@pass":{
      "p":0.7380952381,
      "r":0.756097561,
      "f":0.7469879518
    },
    "conj:appos":{
      "p":0.5824175824,
      "r":0.5096153846,
      "f":0.5435897436
    },
    "flat@foreign":{
      "p":0.9259259259,
      "r":0.9259259259,
      "f":0.9259259259
    },
    "dep":{
      "p":0.0,
      "r":0.0,
      "f":0.0
    },
    "dislocated":{
      "p":0.0,
      "r":0.0,
      "f":0.0
    },
    "subj@pass":{
      "p":0.3939393939,
      "r":0.4482758621,
      "f":0.4193548387
    },
    "discourse":{
      "p":0.5789473684,
      "r":0.7333333333,
      "f":0.6470588235
    },
    "clf":{
      "p":0.9130434783,
      "r":1.0,
      "f":0.9545454545
    },
    "flat@name":{
      "p":0.7702702703,
      "r":0.7037037037,
      "f":0.735483871
    },
    "comp:obj@adv":{
      "p":1.0,
      "r":0.5833333333,
      "f":0.7368421053
    },
    "udep@tmod":{
      "p":0.4545454545,
      "r":0.3333333333,
      "f":0.3846153846
    },
    "conj:coord@emb":{
      "p":0.0,
      "r":0.0,
      "f":0.0
    },
    "compound@ext":{
      "p":0.0,
      "r":0.0,
      "f":0.0
    },
    "udep@patient":{
      "p":0.6818181818,
      "r":0.6818181818,
      "f":0.6818181818
    },
    "unk":{
      "p":0.0,
      "r":0.0,
      "f":0.0
    }
  },
  "speed":79888.1831588617
}