{
  "token_acc":1.0,
  "token_p":1.0,
  "token_r":1.0,
  "token_f":1.0,
  "tag_acc":0.9533527697,
  "sents_p":0.9944954128,
  "sents_r":0.9981583794,
  "sents_f":0.9963235294,
  "dep_uas":0.9159960829,
  "dep_las":0.8882360455,
  "dep_las_per_type":{
    "comp:obj":{
      "p":0.9782044629,
      "r":0.9729032258,
      "f":0.9755466425
    },
    "comp:obl":{
      "p":0.6611842105,
      "r":0.7913385827,
      "f":0.7204301075
    },
    "compound":{
      "p":0.9315068493,
      "r":0.9475779695,
      "f":0.9394736842
    },
    "mod":{
      "p":0.6923532899,
      "r":0.6786751888,
      "f":0.6854460094
    },
    "subj":{
      "p":0.7783251232,
      "r":0.7821782178,
      "f":0.7802469136
    },
    "comp:aux":{
      "p":0.9592006661,
      "r":0.9632107023,
      "f":0.9612015019
    },
    "udep":{
      "p":0.7912395154,
      "r":0.7662454874,
      "f":0.7785419532
    },
    "unk":{
      "p":0.9344,
      "r":0.9526916803,
      "f":0.943457189
    },
    "root":{
      "p":0.9798165138,
      "r":0.9834254144,
      "f":0.9816176471
    },
    "comp:pred":{
      "p":0.903030303,
      "r":0.8922155689,
      "f":0.8975903614
    },
    "cc":{
      "p":0.8409090909,
      "r":0.8409090909,
      "f":0.8409090909
    },
    "det":{
      "p":0.9868421053,
      "r":0.974025974,
      "f":0.9803921569
    },
    "conj:coord":{
      "p":0.4,
      "r":0.3225806452,
      "f":0.3571428571
    },
    "dep":{
      "p":0.0,
      "r":0.0,
      "f":0.0
    },
    "discourse":{
      "p":0.0,
      "r":0.0,
      "f":0.0
    }
  },
  "speed":59906.8578327362
}