{
  "tag_acc":0.8730297299,
  "sents_p":0.9911797133,
  "sents_r":0.9955703212,
  "sents_f":0.9933701657,
  "dep_uas":0.6737960134,
  "dep_las":0.5349919977,
  "dep_las_per_type":{
    "orphan":{
      "p":0.3017902813,
      "r":0.2322834646,
      "f":0.2625139043
    },
    "comp:obj":{
      "p":0.6278118609,
      "r":0.6597421203,
      "f":0.6433810688
    },
    "flat":{
      "p":0.6165413534,
      "r":0.5193525686,
      "f":0.563789152
    },
    "root":{
      "p":0.7941933113,
      "r":0.7977113326,
      "f":0.7959484346
    },
    "udep":{
      "p":0.2707581227,
      "r":0.2463054187,
      "f":0.2579535684
    },
    "conj:coord":{
      "p":0.3536660505,
      "r":0.4005582694,
      "f":0.3756544503
    },
    "conj:coord@emb":{
      "p":0.0,
      "r":0.0,
      "f":0.0
    },
    "udep@instr":{
      "p":0.4644808743,
      "r":0.3811659193,
      "f":0.4187192118
    },
    "comp:obl":{
      "p":0.4697508897,
      "r":0.3804034582,
      "f":0.4203821656
    },
    "compound@coord":{
      "p":0.5275590551,
      "r":0.4240506329,
      "f":0.4701754386
    },
    "mod":{
      "p":0.5067307692,
      "r":0.5660580021,
      "f":0.534753932
    },
    "cc":{
      "p":0.7217741935,
      "r":0.764957265,
      "f":0.7427385892
    },
    "subj":{
      "p":0.5397871262,
      "r":0.5637903653,
      "f":0.5515277059
    },
    "mod@ccomp":{
      "p":0.3262032086,
      "r":0.4206896552,
      "f":0.3674698795
    },
    "udep@lmod":{
      "p":0.2836879433,
      "r":0.251572327,
      "f":0.2666666667
    },
    "det":{
      "p":0.5218216319,
      "r":0.4515599343,
      "f":0.4841549296
    },
    "parataxis":{
      "p":0.1597222222,
      "r":0.185483871,
      "f":0.171641791
    },
    "mod@relcl":{
      "p":0.3170731707,
      "r":0.2841530055,
      "f":0.2997118156
    },
    "mod@tcl":{
      "p":0.2857142857,
      "r":0.2236842105,
      "f":0.2509225092
    },
    "dep":{
      "p":0.0,
      "r":0.0,
      "f":0.0
    },
    "discourse":{
      "p":0.7410604192,
      "r":0.7249698432,
      "f":0.7329268293
    },
    "udep@goal":{
      "p":0.3480662983,
      "r":0.3214285714,
      "f":0.3342175066
    },
    "comp:pred@result":{
      "p":0.2419354839,
      "r":0.2380952381,
      "f":0.24
    },
    "mod@appos":{
      "p":0.0983606557,
      "r":0.0571428571,
      "f":0.0722891566
    },
    "udep@source":{
      "p":0.1692307692,
      "r":0.1195652174,
      "f":0.1401273885
    },
    "udep@tmod":{
      "p":0.2222222222,
      "r":0.1030927835,
      "f":0.1408450704
    },
    "comp:pred":{
      "p":0.4457831325,
      "r":0.2560553633,
      "f":0.3252747253
    },
    "udep@manner":{
      "p":0.219047619,
      "r":0.3066666667,
      "f":0.2555555556
    },
    "comp:obj@sim":{
      "p":0.4811320755,
      "r":0.7183098592,
      "f":0.5762711864
    },
    "vocative":{
      "p":0.3109756098,
      "r":0.277173913,
      "f":0.2931034483
    },
    "comp:obl@agent":{
      "p":0.0,
      "r":0.0,
      "f":0.0
    },
    "comp:aux":{
      "p":0.4666666667,
      "r":0.5185185185,
      "f":0.4912280702
    },
    "mod@dpct":{
      "p":0.0357142857,
      "r":0.0105263158,
      "f":0.0162601626
    },
    "unk":{
      "p":0.8253968254,
      "r":0.7878787879,
      "f":0.8062015504
    },
    "mod@manner":{
      "p":0.3066666667,
      "r":0.2584269663,
      "f":0.2804878049
    },
    "udep@path":{
      "p":0.0,
      "r":0.0,
      "f":0.0
    },
    "mod@cond":{
      "p":0.3166666667,
      "r":0.2714285714,
      "f":0.2923076923
    },
    "mod@fin":{
      "p":0.2291666667,
      "r":0.2,
      "f":0.213592233
    },
    "udep@benef":{
      "p":0.2307692308,
      "r":0.12,
      "f":0.1578947368
    },
    "udep@soc":{
      "p":0.2352941176,
      "r":0.0952380952,
      "f":0.1355932203
    },
    "dislocated":{
      "p":0.0,
      "r":0.0,
      "f":0.0
    },
    "conj:appos":{
      "p":0.1111111111,
      "r":0.0212765957,
      "f":0.0357142857
    },
    "compound":{
      "p":0.0,
      "r":0.0,
      "f":0.0
    },
    "udep@grad":{
      "p":0.2857142857,
      "r":0.1176470588,
      "f":0.1666666667
    },
    "mod@ptcp":{
      "p":0.25,
      "r":0.023255814,
      "f":0.0425531915
    },
    "mod@attr":{
      "p":0.0,
      "r":0.0,
      "f":0.0
    },
    "mod@caus":{
      "p":0.4285714286,
      "r":0.1463414634,
      "f":0.2181818182
    },
    "mod@concess":{
      "p":0.0,
      "r":0.0,
      "f":0.0
    },
    "mod@crel":{
      "p":0.0,
      "r":0.0,
      "f":0.0
    },
    "comp:obl@rel":{
      "p":0.0,
      "r":0.0,
      "f":0.0
    },
    "comp:obj@rel":{
      "p":0.0,
      "r":0.0,
      "f":0.0
    },
    "comp:obj@result":{
      "p":0.0,
      "r":0.0,
      "f":0.0
    },
    "mod@pred":{
      "p":0.0,
      "r":0.0,
      "f":0.0
    },
    "compound@name":{
      "p":0.0,
      "r":0.0,
      "f":0.0
    },
    "mod@lcl":{
      "p":0.0,
      "r":0.0,
      "f":0.0
    },
    "mod@consec":{
      "p":0.0,
      "r":0.0,
      "f":0.0
    }
  },
  "speed":108559.9771094223
}