{
  "token_acc":0.9998062016,
  "token_p":0.9987887597,
  "token_r":0.9991760372,
  "token_f":0.9989823609,
  "tag_acc":0.9191625473,
  "sents_p":0.0095238095,
  "sents_r":0.0010111223,
  "sents_f":0.0018281536,
  "dep_uas":0.7249017413,
  "dep_las":0.6863612702,
  "dep_las_per_type":{
    "subj":{
      "p":0.6067323481,
      "r":0.5841897233,
      "f":0.5952476843
    },
    "flat":{
      "p":0.5280898876,
      "r":0.5840236686,
      "f":0.5546501826
    },
    "compound":{
      "p":0.72406639,
      "r":0.7822189018,
      "f":0.7520201113
    },
    "comp:obj":{
      "p":0.8059574468,
      "r":0.8227628149,
      "f":0.8142734308
    },
    "mod@poss":{
      "p":0.6351791531,
      "r":0.7303370787,
      "f":0.6794425087
    },
    "udep":{
      "p":0.5369897959,
      "r":0.5432258065,
      "f":0.5400898012
    },
    "mod":{
      "p":0.5079764903,
      "r":0.550500455,
      "f":0.5283842795
    },
    "conj:appos":{
      "p":0.3663366337,
      "r":0.3834196891,
      "f":0.3746835443
    },
    "mod@relcl":{
      "p":0.4778761062,
      "r":0.5882352941,
      "f":0.52734375
    },
    "conj:coord":{
      "p":0.3897364771,
      "r":0.5137111517,
      "f":0.4432176656
    },
    "unk":{
      "p":0.5490196078,
      "r":0.6144200627,
      "f":0.5798816568
    },
    "comp:pred":{
      "p":0.8366013072,
      "r":0.8258064516,
      "f":0.8311688312
    },
    "comp:aux":{
      "p":0.9490937138,
      "r":0.9512949362,
      "f":0.9501930502
    },
    "comp:obl":{
      "p":0.2432432432,
      "r":0.18,
      "f":0.2068965517
    },
    "root":{
      "p":0.8666666667,
      "r":0.0920121335,
      "f":0.1663619744
    },
    "cc":{
      "p":0.4444444444,
      "r":0.5161290323,
      "f":0.4776119403
    },
    "dep":{
      "p":0.0,
      "r":0.0,
      "f":0.0
    },
    "det@poss":{
      "p":0.8333333333,
      "r":0.6060606061,
      "f":0.701754386
    },
    "subj@pass":{
      "p":0.5454545455,
      "r":0.2857142857,
      "f":0.375
    },
    "det":{
      "p":0.7195121951,
      "r":0.6629213483,
      "f":0.6900584795
    },
    "udep@poss":{
      "p":0.0,
      "r":0.0,
      "f":0.0
    },
    "conj:coord@emb":{
      "p":0.0,
      "r":0.0,
      "f":0.0
    }
  },
  "speed":110137.0509994441
}