{
  "token_acc":0.9985361233,
  "token_p":0.9863084474,
  "token_r":0.9924616584,
  "token_f":0.9893754859,
  "tag_acc":0.9154332208,
  "sents_p":0.0175438596,
  "sents_r":0.0017953321,
  "sents_f":0.003257329,
  "dep_uas":0.778308768,
  "dep_las":0.6826618379,
  "dep_las_per_type":{
    "subj@pass":{
      "p":0.7,
      "r":0.6695652174,
      "f":0.6844444444
    },
    "udep":{
      "p":0.487804878,
      "r":0.5235602094,
      "f":0.5050505051
    },
    "mod":{
      "p":0.6288162828,
      "r":0.6133751306,
      "f":0.6209997355
    },
    "comp:obj":{
      "p":0.8143920596,
      "r":0.8636842105,
      "f":0.8383141762
    },
    "root":{
      "p":0.8070175439,
      "r":0.0825852783,
      "f":0.1498371336
    },
    "flat@name":{
      "p":0.7962529274,
      "r":0.8673469388,
      "f":0.8302808303
    },
    "udep@tmod":{
      "p":0.7215189873,
      "r":0.7916666667,
      "f":0.7549668874
    },
    "cc":{
      "p":0.8833333333,
      "r":0.8857938719,
      "f":0.8845618915
    },
    "conj:coord":{
      "p":0.6218809981,
      "r":0.6441351889,
      "f":0.6328125
    },
    "conj:coord@emb":{
      "p":0.4285714286,
      "r":0.3157894737,
      "f":0.3636363636
    },
    "comp:pred":{
      "p":0.8532110092,
      "r":0.8017241379,
      "f":0.8266666667
    },
    "subj":{
      "p":0.7528248588,
      "r":0.7222222222,
      "f":0.7372060858
    },
    "mod@relcl":{
      "p":0.7163636364,
      "r":0.7111913357,
      "f":0.7137681159
    },
    "comp:obl":{
      "p":0.5843023256,
      "r":0.5759312321,
      "f":0.5800865801
    },
    "unk":{
      "p":0.0542168675,
      "r":0.2727272727,
      "f":0.0904522613
    },
    "comp:aux":{
      "p":0.8968253968,
      "r":0.8897637795,
      "f":0.8932806324
    },
    "compound":{
      "p":0.7144927536,
      "r":0.7347242921,
      "f":0.7244673035
    },
    "conj:appos":{
      "p":0.5925925926,
      "r":0.6009389671,
      "f":0.5967365967
    },
    "flat":{
      "p":0.6785714286,
      "r":0.5135135135,
      "f":0.5846153846
    },
    "det":{
      "p":0.8885135135,
      "r":0.8429487179,
      "f":0.8651315789
    },
    "parataxis":{
      "p":0.0550458716,
      "r":0.1463414634,
      "f":0.08
    },
    "mod@poss":{
      "p":0.7142857143,
      "r":0.625,
      "f":0.6666666667
    },
    "comp:obj@adv":{
      "p":0.5,
      "r":0.4117647059,
      "f":0.4516129032
    },
    "dep":{
      "p":0.0,
      "r":0.0,
      "f":0.0
    },
    "mod@lmod":{
      "p":0.0,
      "r":0.0,
      "f":0.0
    },
    "goeswith":{
      "p":0.3846153846,
      "r":0.2380952381,
      "f":0.2941176471
    },
    "mod@emph":{
      "p":0.0,
      "r":0.0,
      "f":0.0
    },
    "mod@tmod":{
      "p":0.0,
      "r":0.0,
      "f":0.0
    },
    "comp:obl@agent":{
      "p":0.0,
      "r":0.0,
      "f":0.0
    },
    "discourse":{
      "p":0.0,
      "r":0.0,
      "f":0.0
    },
    "flat@foreign":{
      "p":0.0,
      "r":0.0,
      "f":0.0
    },
    "clf":{
      "p":0.0,
      "r":0.0,
      "f":0.0
    }
  },
  "speed":117244.5560098597
}