{
  "tag_acc":0.9333862014,
  "sents_p":0.9056603774,
  "sents_r":0.96,
  "sents_f":0.932038835,
  "dep_uas":0.7418073486,
  "dep_las":0.6564051639,
  "dep_las_per_type":{
    "vocative":{
      "p":1.0,
      "r":0.6666666667,
      "f":0.8
    },
    "subj":{
      "p":0.7294117647,
      "r":0.7045454545,
      "f":0.7167630058
    },
    "root":{
      "p":0.7830188679,
      "r":0.83,
      "f":0.8058252427
    },
    "mod":{
      "p":0.7011494253,
      "r":0.6958174905,
      "f":0.6984732824
    },
    "conj:coord":{
      "p":0.2926829268,
      "r":0.2666666667,
      "f":0.2790697674
    },
    "comp:aux":{
      "p":0.8684210526,
      "r":0.8461538462,
      "f":0.8571428571
    },
    "comp:obj@rel":{
      "p":0.875,
      "r":0.6363636364,
      "f":0.7368421053
    },
    "comp:obj":{
      "p":0.6331360947,
      "r":0.6815286624,
      "f":0.6564417178
    },
    "discourse@sp":{
      "p":0.7431192661,
      "r":0.7105263158,
      "f":0.7264573991
    },
    "compound@dir":{
      "p":1.0,
      "r":0.2222222222,
      "f":0.3636363636
    },
    "comp:obl":{
      "p":0.25,
      "r":0.2857142857,
      "f":0.2666666667
    },
    "conj:appos":{
      "p":0.2857142857,
      "r":0.5,
      "f":0.3636363636
    },
    "dislocated":{
      "p":0.0,
      "r":0.0,
      "f":0.0
    },
    "mod@coverb":{
      "p":0.5,
      "r":0.3333333333,
      "f":0.4
    },
    "conj:coord@emb":{
      "p":0.25,
      "r":0.5,
      "f":0.3333333333
    },
    "dep":{
      "p":0.0,
      "r":0.0,
      "f":0.0
    },
    "reparandum":{
      "p":0.75,
      "r":0.375,
      "f":0.5
    },
    "compound":{
      "p":0.4285714286,
      "r":0.4,
      "f":0.4137931034
    },
    "discourse":{
      "p":0.5185185185,
      "r":0.5,
      "f":0.5090909091
    },
    "clf@det":{
      "p":0.6,
      "r":0.5,
      "f":0.5454545455
    },
    "comp:obj@loc":{
      "p":0.5714285714,
      "r":0.8,
      "f":0.6666666667
    },
    "udep":{
      "p":0.0,
      "r":0.0,
      "f":0.0
    },
    "cc":{
      "p":0.5,
      "r":0.75,
      "f":0.6
    },
    "comp:pred":{
      "p":0.625,
      "r":0.5,
      "f":0.5555555556
    },
    "comp:obj@periph":{
      "p":0.0,
      "r":0.0,
      "f":0.0
    },
    "det":{
      "p":0.8461538462,
      "r":0.8461538462,
      "f":0.8461538462
    },
    "parataxis":{
      "p":0.2,
      "r":0.1538461538,
      "f":0.1739130435
    },
    "compound@quant":{
      "p":0.0,
      "r":0.0,
      "f":0.0
    },
    "compound@vv":{
      "p":0.8888888889,
      "r":0.8,
      "f":0.8421052632
    },
    "subj@periph":{
      "p":0.0,
      "r":0.0,
      "f":0.0
    },
    "clf":{
      "p":1.0,
      "r":1.0,
      "f":1.0
    },
    "flat":{
      "p":0.0,
      "r":0.0,
      "f":0.0
    },
    "compound@ext":{
      "p":0.0,
      "r":0.0,
      "f":0.0
    }
  },
  "speed":81657.3237174078
}