{
  "token_acc":1.0,
  "token_p":1.0,
  "token_r":1.0,
  "token_f":1.0,
  "tag_acc":0.8961222757,
  "sents_p":0.9883040936,
  "sents_r":0.9941176471,
  "sents_f":0.991202346,
  "dep_uas":0.8476212277,
  "dep_las":0.7949334249,
  "dep_las_per_type":{
    "root":{
      "p":0.9385964912,
      "r":0.9441176471,
      "f":0.9413489736
    },
    "subj":{
      "p":0.7824362606,
      "r":0.8001158749,
      "f":0.7911773131
    },
    "mod":{
      "p":0.8672757874,
      "r":0.8661303878,
      "f":0.8667027092
    },
    "parataxis":{
      "p":0.8469945355,
      "r":0.9046692607,
      "f":0.8748824083
    },
    "comp:obj":{
      "p":0.9019830949,
      "r":0.9034516444,
      "f":0.9027167724
    },
    "unk":{
      "p":0.6242299795,
      "r":0.632016632,
      "f":0.6280991736
    },
    "udep":{
      "p":0.59122902,
      "r":0.6153846154,
      "f":0.6030650283
    },
    "cc":{
      "p":0.8099173554,
      "r":0.8127159641,
      "f":0.8113142463
    },
    "conj:coord":{
      "p":0.5421994885,
      "r":0.5385266723,
      "f":0.5403568394
    },
    "comp:pred":{
      "p":0.5535714286,
      "r":0.4305555556,
      "f":0.484375
    },
    "mod@pred":{
      "p":0.5064102564,
      "r":0.4674556213,
      "f":0.4861538462
    },
    "subj@pass":{
      "p":0.6595744681,
      "r":0.3369565217,
      "f":0.4460431655
    },
    "mod@relcl":{
      "p":0.6935483871,
      "r":0.7445887446,
      "f":0.7181628392
    },
    "conj:coord@emb":{
      "p":0.3571428571,
      "r":0.119047619,
      "f":0.1785714286
    },
    "comp:obl":{
      "p":0.642172524,
      "r":0.593503937,
      "f":0.6168797954
    },
    "mod@emph":{
      "p":0.4487179487,
      "r":0.3608247423,
      "f":0.4
    },
    "flat":{
      "p":0.8076923077,
      "r":0.724137931,
      "f":0.7636363636
    },
    "comp:aux":{
      "p":0.8823529412,
      "r":0.8955223881,
      "f":0.8888888889
    },
    "det":{
      "p":0.9146341463,
      "r":0.8333333333,
      "f":0.8720930233
    },
    "comp:aux@pass":{
      "p":0.8,
      "r":0.3076923077,
      "f":0.4444444444
    },
    "conj:appos":{
      "p":0.8823529412,
      "r":0.4347826087,
      "f":0.5825242718
    },
    "dep":{
      "p":0.0,
      "r":0.0,
      "f":0.0
    },
    "orphan":{
      "p":0.0,
      "r":0.0,
      "f":0.0
    },
    "compound":{
      "p":0.0,
      "r":0.0,
      "f":0.0
    },
    "dislocated":{
      "p":0.5714285714,
      "r":0.3076923077,
      "f":0.4
    }
  },
  "speed":85334.8255849714
}