{
  "token_acc":1.0,
  "token_p":1.0,
  "token_r":1.0,
  "token_f":1.0,
  "tag_acc":0.9213239754,
  "sents_p":0.9875222816,
  "sents_r":0.9946140036,
  "sents_f":0.9910554562,
  "dep_uas":0.8388916877,
  "dep_las":0.756675063,
  "dep_las_per_type":{
    "subj@pass":{
      "p":0.7024793388,
      "r":0.7391304348,
      "f":0.7203389831
    },
    "udep":{
      "p":0.7034412955,
      "r":0.7077393075,
      "f":0.7055837563
    },
    "mod":{
      "p":0.6927239928,
      "r":0.6457399103,
      "f":0.6684073107
    },
    "comp:obj":{
      "p":0.8351758794,
      "r":0.8747368421,
      "f":0.8544987147
    },
    "root":{
      "p":0.8431372549,
      "r":0.8491921005,
      "f":0.8461538462
    },
    "flat@name":{
      "p":0.8384223919,
      "r":0.8405612245,
      "f":0.8394904459
    },
    "udep@tmod":{
      "p":0.7352941176,
      "r":0.6944444444,
      "f":0.7142857143
    },
    "cc":{
      "p":0.8512396694,
      "r":0.860724234,
      "f":0.8559556787
    },
    "conj:coord":{
      "p":0.6511156187,
      "r":0.6381709742,
      "f":0.6445783133
    },
    "conj:coord@emb":{
      "p":0.25,
      "r":0.2105263158,
      "f":0.2285714286
    },
    "comp:pred":{
      "p":0.871559633,
      "r":0.8189655172,
      "f":0.8444444444
    },
    "subj":{
      "p":0.7910238429,
      "r":0.7642276423,
      "f":0.7773949001
    },
    "mod@relcl":{
      "p":0.7447552448,
      "r":0.7689530686,
      "f":0.756660746
    },
    "comp:obl":{
      "p":0.3956043956,
      "r":0.5142857143,
      "f":0.4472049689
    },
    "unk":{
      "p":0.4482758621,
      "r":0.3939393939,
      "f":0.4193548387
    },
    "comp:aux":{
      "p":0.936,
      "r":0.9212598425,
      "f":0.9285714286
    },
    "compound":{
      "p":0.7051460362,
      "r":0.7555886736,
      "f":0.7294964029
    },
    "parataxis":{
      "p":0.0784313725,
      "r":0.0975609756,
      "f":0.0869565217
    },
    "conj:appos":{
      "p":0.6126126126,
      "r":0.6384976526,
      "f":0.6252873563
    },
    "flat":{
      "p":1.0,
      "r":0.5135135135,
      "f":0.6785714286
    },
    "det":{
      "p":0.898989899,
      "r":0.8557692308,
      "f":0.8768472906
    },
    "mod@poss":{
      "p":0.8666666667,
      "r":0.8125,
      "f":0.8387096774
    },
    "comp:obj@adv":{
      "p":0.7142857143,
      "r":0.2941176471,
      "f":0.4166666667
    },
    "mod@lmod":{
      "p":0.0,
      "r":0.0,
      "f":0.0
    },
    "dep":{
      "p":0.0,
      "r":0.0,
      "f":0.0
    },
    "goeswith":{
      "p":0.8125,
      "r":0.619047619,
      "f":0.7027027027
    },
    "mod@emph":{
      "p":0.0,
      "r":0.0,
      "f":0.0
    },
    "mod@tmod":{
      "p":0.0,
      "r":0.0,
      "f":0.0
    },
    "comp:obl@agent":{
      "p":0.0,
      "r":0.0,
      "f":0.0
    },
    "discourse":{
      "p":0.0,
      "r":0.0,
      "f":0.0
    },
    "flat@foreign":{
      "p":0.0,
      "r":0.0,
      "f":0.0
    },
    "clf":{
      "p":0.0,
      "r":0.0,
      "f":0.0
    }
  },
  "speed":82335.2946461944
}