{
  "token_acc":1.0,
  "token_p":1.0,
  "token_r":1.0,
  "token_f":1.0,
  "tag_acc":0.9198552341,
  "sents_p":1.0,
  "sents_r":1.0,
  "sents_f":1.0,
  "dep_uas":0.8310743635,
  "dep_las":0.7806345251,
  "dep_las_per_type":{
    "mod@neg":{
      "p":0.9340659341,
      "r":0.9196290572,
      "f":0.9267912773
    },
    "discourse":{
      "p":0.8659217877,
      "r":0.8757062147,
      "f":0.8707865169
    },
    "root":{
      "p":0.9110383814,
      "r":0.9110383814,
      "f":0.9110383814
    },
    "comp:obj":{
      "p":0.849704142,
      "r":0.8670450429,
      "f":0.8582870121
    },
    "conj:coord":{
      "p":0.6380900705,
      "r":0.6043165468,
      "f":0.6207442597
    },
    "cc":{
      "p":0.8144654088,
      "r":0.8320330427,
      "f":0.8231555051
    },
    "subj":{
      "p":0.7682959049,
      "r":0.7943184922,
      "f":0.7810905184
    },
    "comp:pred":{
      "p":0.7202643172,
      "r":0.7089430894,
      "f":0.7145588637
    },
    "conj:coord@emb":{
      "p":0.5,
      "r":0.0933333333,
      "f":0.1573033708
    },
    "det":{
      "p":0.8441704036,
      "r":0.8660149511,
      "f":0.8549531649
    },
    "mod":{
      "p":0.7332195677,
      "r":0.7312437952,
      "f":0.7322303486
    },
    "mod@relcl":{
      "p":0.6820512821,
      "r":0.6466774716,
      "f":0.6638935108
    },
    "comp:obl":{
      "p":0.6823658269,
      "r":0.6727861771,
      "f":0.6775421425
    },
    "udep":{
      "p":0.6774721676,
      "r":0.6935970499,
      "f":0.685439788
    },
    "mod@cmp":{
      "p":0.6988847584,
      "r":0.6505190311,
      "f":0.6738351254
    },
    "comp:aux@pass":{
      "p":0.8290816327,
      "r":0.9002770083,
      "f":0.8632138114
    },
    "subj@pass":{
      "p":0.6997487437,
      "r":0.7215025907,
      "f":0.7104591837
    },
    "mod@emph":{
      "p":0.652173913,
      "r":0.7164179104,
      "f":0.6827880512
    },
    "dep":{
      "p":0.0,
      "r":0.0,
      "f":0.0
    },
    "comp:obl@agent":{
      "p":0.8018018018,
      "r":0.6449275362,
      "f":0.7148594378
    },
    "subj@relcl":{
      "p":0.619047619,
      "r":0.4382022472,
      "f":0.5131578947
    },
    "comp:aux":{
      "p":0.8048780488,
      "r":0.5840707965,
      "f":0.6769230769
    },
    "mod@tmod":{
      "p":0.8367346939,
      "r":0.8723404255,
      "f":0.8541666667
    },
    "comp:obl@relcl":{
      "p":0.0,
      "r":0.0,
      "f":0.0
    },
    "mod@lmod":{
      "p":0.8631578947,
      "r":0.9111111111,
      "f":0.8864864865
    },
    "orphan":{
      "p":0.3619047619,
      "r":0.2235294118,
      "f":0.2763636364
    },
    "mod@abs":{
      "p":0.7042253521,
      "r":0.6493506494,
      "f":0.6756756757
    },
    "comp:obj@relcl":{
      "p":0.3333333333,
      "r":0.1,
      "f":0.1538461538
    },
    "conj@expl":{
      "p":0.3333333333,
      "r":0.125,
      "f":0.1818181818
    },
    "unk":{
      "p":0.8787878788,
      "r":0.5087719298,
      "f":0.6444444444
    },
    "parataxis":{
      "p":0.1428571429,
      "r":0.0555555556,
      "f":0.08
    },
    "mod@pred":{
      "p":0.1666666667,
      "r":0.25,
      "f":0.2
    },
    "flat":{
      "p":1.0,
      "r":1.0,
      "f":1.0
    },
    "vocative":{
      "p":0.7857142857,
      "r":0.44,
      "f":0.5641025641
    },
    "dislocated":{
      "p":0.2,
      "r":0.0357142857,
      "f":0.0606060606
    },
    "conj:appos":{
      "p":0.4852941176,
      "r":0.2894736842,
      "f":0.3626373626
    },
    "flat@name":{
      "p":0.6666666667,
      "r":0.8571428571,
      "f":0.75
    },
    "flat@foreign":{
      "p":0.3333333333,
      "r":0.25,
      "f":0.2857142857
    }
  },
  "speed":45094.98308355
}