{
  "token_acc":0.9409102553,
  "token_p":0.8914695585,
  "token_r":0.8692756037,
  "token_f":0.8802327052,
  "tag_acc":0.8505676856,
  "sents_p":0.0185185185,
  "sents_r":0.002,
  "sents_f":0.0036101083,
  "dep_uas":0.5567631657,
  "dep_las":0.5162150155,
  "dep_las_per_type":{
    "root":{
      "p":0.6274509804,
      "r":0.064,
      "f":0.1161524501
    },
    "comp:obj":{
      "p":0.5880963628,
      "r":0.5347938144,
      "f":0.5601799775
    },
    "det":{
      "p":0.7878787879,
      "r":0.5131578947,
      "f":0.6215139442
    },
    "subj":{
      "p":0.5464547677,
      "r":0.4483450351,
      "f":0.4925619835
    },
    "comp:aux":{
      "p":0.7733990148,
      "r":0.7584541063,
      "f":0.7658536585
    },
    "mod":{
      "p":0.6418711656,
      "r":0.5666892349,
      "f":0.6019417476
    },
    "mod@tmod":{
      "p":0.6060606061,
      "r":0.4166666667,
      "f":0.4938271605
    },
    "comp:obj@rel":{
      "p":0.6367924528,
      "r":0.5720338983,
      "f":0.6026785714
    },
    "mod@relcl":{
      "p":0.5733333333,
      "r":0.4886363636,
      "f":0.527607362
    },
    "compound":{
      "p":0.8561797753,
      "r":0.6501706485,
      "f":0.7390882638
    },
    "comp:obl":{
      "p":0.2307692308,
      "r":0.1111111111,
      "f":0.15
    },
    "comp:pred":{
      "p":0.6864864865,
      "r":0.6546391753,
      "f":0.6701846966
    },
    "parataxis":{
      "p":0.0856481481,
      "r":0.1434108527,
      "f":0.1072463768
    },
    "udep":{
      "p":0.545620438,
      "r":0.5111111111,
      "f":0.5278022948
    },
    "cc":{
      "p":0.5649717514,
      "r":0.5235602094,
      "f":0.5434782609
    },
    "conj:coord":{
      "p":0.6644067797,
      "r":0.5833333333,
      "f":0.6212361331
    },
    "comp:obl@agent":{
      "p":0.0,
      "r":0.0,
      "f":0.0
    },
    "comp:aux@pass":{
      "p":0.5434782609,
      "r":0.6097560976,
      "f":0.5747126437
    },
    "conj:appos":{
      "p":0.5529411765,
      "r":0.4519230769,
      "f":0.4973544974
    },
    "flat@foreign":{
      "p":0.75,
      "r":0.8888888889,
      "f":0.813559322
    },
    "dep":{
      "p":0.0,
      "r":0.0,
      "f":0.0
    },
    "dislocated":{
      "p":0.0,
      "r":0.0,
      "f":0.0
    },
    "subj@pass":{
      "p":0.32,
      "r":0.275862069,
      "f":0.2962962963
    },
    "discourse":{
      "p":0.4375,
      "r":0.4666666667,
      "f":0.4516129032
    },
    "clf":{
      "p":0.5,
      "r":0.1428571429,
      "f":0.2222222222
    },
    "flat@name":{
      "p":0.6071428571,
      "r":0.4197530864,
      "f":0.496350365
    },
    "comp:obj@adv":{
      "p":0.8571428571,
      "r":0.5,
      "f":0.6315789474
    },
    "udep@tmod":{
      "p":0.4,
      "r":0.1333333333,
      "f":0.2
    },
    "conj:coord@emb":{
      "p":0.0,
      "r":0.0,
      "f":0.0
    },
    "compound@ext":{
      "p":0.0,
      "r":0.0,
      "f":0.0
    },
    "udep@patient":{
      "p":0.7692307692,
      "r":0.4545454545,
      "f":0.5714285714
    },
    "unk":{
      "p":0.0,
      "r":0.0,
      "f":0.0
    }
  },
  "speed":84654.6187349392
}