{
  "token_acc":1.0,
  "token_p":1.0,
  "token_r":1.0,
  "token_f":1.0,
  "tag_acc":0.9104079933,
  "sents_p":1.0,
  "sents_r":1.0,
  "sents_f":1.0,
  "dep_uas":0.7325772996,
  "dep_las":0.6856644373,
  "dep_las_per_type":{
    "root":{
      "p":0.688,
      "r":0.688,
      "f":0.688
    },
    "comp:obj":{
      "p":0.6666666667,
      "r":0.7027491409,
      "f":0.6842325387
    },
    "det":{
      "p":0.8394160584,
      "r":0.7565789474,
      "f":0.7958477509
    },
    "subj":{
      "p":0.6018423746,
      "r":0.5897693079,
      "f":0.5957446809
    },
    "comp:aux":{
      "p":0.8544600939,
      "r":0.8792270531,
      "f":0.8666666667
    },
    "mod":{
      "p":0.7228464419,
      "r":0.7186865267,
      "f":0.7207604821
    },
    "mod@tmod":{
      "p":0.686440678,
      "r":0.5625,
      "f":0.6183206107
    },
    "comp:obj@rel":{
      "p":0.6995515695,
      "r":0.6610169492,
      "f":0.6797385621
    },
    "mod@relcl":{
      "p":0.6535947712,
      "r":0.5681818182,
      "f":0.6079027356
    },
    "compound":{
      "p":0.9068219634,
      "r":0.9300341297,
      "f":0.9182813816
    },
    "comp:obl":{
      "p":0.3142857143,
      "r":0.1358024691,
      "f":0.1896551724
    },
    "udep":{
      "p":0.6088435374,
      "r":0.611965812,
      "f":0.610400682
    },
    "parataxis":{
      "p":0.4020979021,
      "r":0.4457364341,
      "f":0.4227941176
    },
    "comp:pred":{
      "p":0.73,
      "r":0.7525773196,
      "f":0.7411167513
    },
    "dep":{
      "p":0.0,
      "r":0.0,
      "f":0.0
    },
    "cc":{
      "p":0.6387434555,
      "r":0.6387434555,
      "f":0.6387434555
    },
    "conj:coord":{
      "p":0.6898734177,
      "r":0.6488095238,
      "f":0.6687116564
    },
    "comp:obl@agent":{
      "p":0.0,
      "r":0.0,
      "f":0.0
    },
    "comp:aux@pass":{
      "p":0.6888888889,
      "r":0.756097561,
      "f":0.7209302326
    },
    "conj:appos":{
      "p":0.5044247788,
      "r":0.5480769231,
      "f":0.5253456221
    },
    "flat@foreign":{
      "p":0.9615384615,
      "r":0.9259259259,
      "f":0.9433962264
    },
    "dislocated":{
      "p":0.0,
      "r":0.0,
      "f":0.0
    },
    "subj@pass":{
      "p":0.4814814815,
      "r":0.4482758621,
      "f":0.4642857143
    },
    "discourse":{
      "p":0.4375,
      "r":0.4666666667,
      "f":0.4516129032
    },
    "clf":{
      "p":0.875,
      "r":1.0,
      "f":0.9333333333
    },
    "flat@name":{
      "p":0.7671232877,
      "r":0.6913580247,
      "f":0.7272727273
    },
    "comp:obj@adv":{
      "p":1.0,
      "r":0.5,
      "f":0.6666666667
    },
    "udep@tmod":{
      "p":0.7777777778,
      "r":0.4666666667,
      "f":0.5833333333
    },
    "conj:coord@emb":{
      "p":0.0,
      "r":0.0,
      "f":0.0
    },
    "compound@ext":{
      "p":0.0,
      "r":0.0,
      "f":0.0
    },
    "udep@patient":{
      "p":0.7857142857,
      "r":0.5,
      "f":0.6111111111
    },
    "unk":{
      "p":0.0,
      "r":0.0,
      "f":0.0
    }
  },
  "speed":76108.0341179637
}