{
  "token_acc":1.0,
  "token_p":1.0,
  "token_r":1.0,
  "token_f":1.0,
  "tag_acc":0.7295538238,
  "sents_p":0.9859437751,
  "sents_r":0.9929221436,
  "sents_f":0.9894206549,
  "dep_uas":0.6552468833,
  "dep_las":0.5650338667,
  "dep_las_per_type":{
    "subj":{
      "p":0.5448997384,
      "r":0.4940711462,
      "f":0.5182421227
    },
    "flat":{
      "p":0.6676024705,
      "r":0.7035502959,
      "f":0.685105157
    },
    "mod@poss":{
      "p":0.3879003559,
      "r":0.4082397004,
      "f":0.397810219
    },
    "udep":{
      "p":0.3229166667,
      "r":0.1741573034,
      "f":0.2262773723
    },
    "mod":{
      "p":0.5284582133,
      "r":0.5405305822,
      "f":0.5344262295
    },
    "conj:appos":{
      "p":0.6687116564,
      "r":0.5647668394,
      "f":0.6123595506
    },
    "mod@relcl":{
      "p":0.508353222,
      "r":0.4640522876,
      "f":0.4851936219
    },
    "conj:coord":{
      "p":0.299052774,
      "r":0.4040219378,
      "f":0.3437013997
    },
    "unk":{
      "p":0.64,
      "r":0.5517241379,
      "f":0.5925925926
    },
    "comp:pred":{
      "p":0.875,
      "r":0.5,
      "f":0.6363636364
    },
    "comp:obj":{
      "p":0.5315391085,
      "r":0.5333333333,
      "f":0.5324347094
    },
    "comp:obl":{
      "p":0.4673913043,
      "r":0.3282442748,
      "f":0.3856502242
    },
    "root":{
      "p":0.8032128514,
      "r":0.8088978766,
      "f":0.8060453401
    },
    "subj@pass":{
      "p":0.4210526316,
      "r":0.253968254,
      "f":0.3168316832
    },
    "det@poss":{
      "p":0.7333333333,
      "r":0.6666666667,
      "f":0.6984126984
    },
    "cc":{
      "p":0.6111111111,
      "r":0.7096774194,
      "f":0.6567164179
    },
    "dep":{
      "p":0.0,
      "r":0.0,
      "f":0.0
    },
    "det":{
      "p":0.8352941176,
      "r":0.797752809,
      "f":0.816091954
    },
    "comp:aux":{
      "p":0.6,
      "r":0.75,
      "f":0.6666666667
    },
    "udep@poss":{
      "p":0.0,
      "r":0.0,
      "f":0.0
    },
    "compound":{
      "p":0.0,
      "r":0.0,
      "f":0.0
    },
    "conj:coord@emb":{
      "p":0.0,
      "r":0.0,
      "f":0.0
    }
  },
  "speed":53711.8353362643
}