{
  "token_acc":1.0,
  "token_p":1.0,
  "token_r":1.0,
  "token_f":1.0,
  "tag_acc":0.9254091457,
  "sents_p":0.999405116,
  "sents_r":0.9997024695,
  "sents_f":0.9995537706,
  "dep_uas":0.8366977095,
  "dep_las":0.7816259753,
  "dep_las_per_type":{
    "mod@neg":{
      "p":0.9377990431,
      "r":0.9088098918,
      "f":0.9230769231
    },
    "discourse":{
      "p":0.8849557522,
      "r":0.8788449466,
      "f":0.8818897638
    },
    "root":{
      "p":0.9137418203,
      "r":0.9140136864,
      "f":0.9138777332
    },
    "comp:obj":{
      "p":0.8531501658,
      "r":0.8699432436,
      "f":0.8614648729
    },
    "conj:coord":{
      "p":0.6343360996,
      "r":0.6284686536,
      "f":0.6313887455
    },
    "cc":{
      "p":0.8221626452,
      "r":0.8444240477,
      "f":0.8331446683
    },
    "subj":{
      "p":0.7849259758,
      "r":0.7965036875,
      "f":0.7906724512
    },
    "comp:pred":{
      "p":0.7263736264,
      "r":0.7165311653,
      "f":0.7214188267
    },
    "conj:coord@emb":{
      "p":0.5384615385,
      "r":0.0933333333,
      "f":0.1590909091
    },
    "det":{
      "p":0.872716895,
      "r":0.8792409431,
      "f":0.8759667717
    },
    "mod":{
      "p":0.7219143577,
      "r":0.7406641685,
      "f":0.7311690797
    },
    "mod@relcl":{
      "p":0.7245614035,
      "r":0.6693679092,
      "f":0.6958719461
    },
    "comp:obl":{
      "p":0.6676283901,
      "r":0.7164086687,
      "f":0.6911589008
    },
    "udep":{
      "p":0.5942492013,
      "r":0.4632627646,
      "f":0.5206438069
    },
    "mod@cmp":{
      "p":0.7102473498,
      "r":0.6955017301,
      "f":0.7027972028
    },
    "comp:aux@pass":{
      "p":0.8808864266,
      "r":0.8808864266,
      "f":0.8808864266
    },
    "subj@pass":{
      "p":0.7359477124,
      "r":0.7292746114,
      "f":0.7325959662
    },
    "mod@emph":{
      "p":0.6847826087,
      "r":0.752238806,
      "f":0.7169274538
    },
    "comp:obl@agent":{
      "p":0.746031746,
      "r":0.6811594203,
      "f":0.7121212121
    },
    "subj@relcl":{
      "p":0.5915492958,
      "r":0.4719101124,
      "f":0.525
    },
    "comp:aux":{
      "p":0.7355371901,
      "r":0.7876106195,
      "f":0.7606837607
    },
    "mod@tmod":{
      "p":0.7735849057,
      "r":0.8723404255,
      "f":0.82
    },
    "comp:obl@relcl":{
      "p":0.0,
      "r":0.0,
      "f":0.0
    },
    "orphan":{
      "p":0.3333333333,
      "r":0.3294117647,
      "f":0.3313609467
    },
    "dep":{
      "p":0.0,
      "r":0.0,
      "f":0.0
    },
    "mod@lmod":{
      "p":0.8888888889,
      "r":0.8888888889,
      "f":0.8888888889
    },
    "mod@abs":{
      "p":0.7702702703,
      "r":0.7402597403,
      "f":0.7549668874
    },
    "comp:obj@relcl":{
      "p":0.6153846154,
      "r":0.2666666667,
      "f":0.3720930233
    },
    "conj@expl":{
      "p":0.3333333333,
      "r":0.1875,
      "f":0.24
    },
    "unk":{
      "p":0.7333333333,
      "r":0.5789473684,
      "f":0.6470588235
    },
    "dislocated":{
      "p":0.1666666667,
      "r":0.0714285714,
      "f":0.1
    },
    "parataxis":{
      "p":0.1,
      "r":0.0277777778,
      "f":0.0434782609
    },
    "mod@pred":{
      "p":0.25,
      "r":0.25,
      "f":0.25
    },
    "flat":{
      "p":1.0,
      "r":1.0,
      "f":1.0
    },
    "conj:appos":{
      "p":0.376344086,
      "r":0.3070175439,
      "f":0.3381642512
    },
    "vocative":{
      "p":0.6,
      "r":0.48,
      "f":0.5333333333
    },
    "flat@name":{
      "p":0.68,
      "r":0.8095238095,
      "f":0.7391304348
    },
    "flat@foreign":{
      "p":0.0,
      "r":0.0,
      "f":0.0
    }
  },
  "speed":99759.8046439476
}