{
  "token_acc":0.9409102553,
  "token_p":0.8914695585,
  "token_r":0.8692756037,
  "token_f":0.8802327052,
  "tag_acc":0.8479504082,
  "sents_p":0.0196078431,
  "sents_r":0.002,
  "sents_f":0.0036297641,
  "dep_uas":0.5595967583,
  "dep_las":0.5122734232,
  "dep_las_per_type":{
    "root":{
      "p":0.6470588235,
      "r":0.066,
      "f":0.1197822142
    },
    "comp:obj":{
      "p":0.581758034,
      "r":0.5287800687,
      "f":0.5540054005
    },
    "det":{
      "p":0.8137254902,
      "r":0.5460526316,
      "f":0.6535433071
    },
    "subj":{
      "p":0.5507955936,
      "r":0.4513540622,
      "f":0.4961411246
    },
    "comp:aux":{
      "p":0.7868020305,
      "r":0.7487922705,
      "f":0.7673267327
    },
    "mod":{
      "p":0.631598107,
      "r":0.5664381325,
      "f":0.5972461274
    },
    "mod@tmod":{
      "p":0.6195652174,
      "r":0.3958333333,
      "f":0.4830508475
    },
    "comp:obj@rel":{
      "p":0.619047619,
      "r":0.5508474576,
      "f":0.5829596413
    },
    "mod@relcl":{
      "p":0.5,
      "r":0.4829545455,
      "f":0.4913294798
    },
    "compound":{
      "p":0.8536036036,
      "r":0.6467576792,
      "f":0.7359223301
    },
    "comp:obl":{
      "p":0.268907563,
      "r":0.2285714286,
      "f":0.2471042471
    },
    "comp:pred":{
      "p":0.6906077348,
      "r":0.6443298969,
      "f":0.6666666667
    },
    "parataxis":{
      "p":0.1052631579,
      "r":0.1550387597,
      "f":0.1253918495
    },
    "udep":{
      "p":0.4961038961,
      "r":0.4580335731,
      "f":0.4763092269
    },
    "cc":{
      "p":0.6158536585,
      "r":0.5287958115,
      "f":0.5690140845
    },
    "conj:coord":{
      "p":0.6539792388,
      "r":0.5625,
      "f":0.6048
    },
    "comp:obl@agent":{
      "p":0.125,
      "r":0.125,
      "f":0.125
    },
    "comp:aux@pass":{
      "p":0.5555555556,
      "r":0.6097560976,
      "f":0.5813953488
    },
    "conj:appos":{
      "p":0.5308641975,
      "r":0.4134615385,
      "f":0.4648648649
    },
    "flat@foreign":{
      "p":0.71875,
      "r":0.8518518519,
      "f":0.7796610169
    },
    "dislocated":{
      "p":0.0,
      "r":0.0,
      "f":0.0
    },
    "subj@pass":{
      "p":0.2571428571,
      "r":0.3103448276,
      "f":0.28125
    },
    "discourse":{
      "p":0.4736842105,
      "r":0.6,
      "f":0.5294117647
    },
    "clf":{
      "p":0.75,
      "r":0.1428571429,
      "f":0.24
    },
    "flat@name":{
      "p":0.6226415094,
      "r":0.4074074074,
      "f":0.4925373134
    },
    "comp:obj@adv":{
      "p":0.8888888889,
      "r":0.6666666667,
      "f":0.7619047619
    },
    "dep":{
      "p":0.0,
      "r":0.0,
      "f":0.0
    },
    "udep@tmod":{
      "p":0.1428571429,
      "r":0.0666666667,
      "f":0.0909090909
    },
    "conj:coord@emb":{
      "p":0.0,
      "r":0.0,
      "f":0.0
    },
    "compound@ext":{
      "p":0.0,
      "r":0.0,
      "f":0.0
    },
    "udep@patient":{
      "p":0.7142857143,
      "r":0.6818181818,
      "f":0.6976744186
    },
    "unk":{
      "p":0.0,
      "r":0.0,
      "f":0.0
    }
  },
  "speed":86835.7615736434
}