{
  "token_acc":1.0,
  "token_p":1.0,
  "token_r":1.0,
  "token_f":1.0,
  "tag_acc":0.9615049932,
  "sents_p":0.9986263736,
  "sents_r":0.9993127148,
  "sents_f":0.9989694263,
  "dep_uas":0.9108064479,
  "dep_las":0.8743832845,
  "dep_las_per_type":{
    "det":{
      "p":0.9271255061,
      "r":0.9502074689,
      "f":0.9385245902
    },
    "comp:obj":{
      "p":0.918867566,
      "r":0.9328703704,
      "f":0.9258160237
    },
    "compound@lvc":{
      "p":0.9454836986,
      "r":0.9608908202,
      "f":0.953125
    },
    "root":{
      "p":0.9656593407,
      "r":0.9663230241,
      "f":0.9659910684
    },
    "comp:aux":{
      "p":0.9851190476,
      "r":0.9880597015,
      "f":0.9865871833
    },
    "cc":{
      "p":0.947,
      "r":0.947,
      "f":0.947
    },
    "udep":{
      "p":0.6755358463,
      "r":0.6450247001,
      "f":0.6599277978
    },
    "comp:obl":{
      "p":0.8125720877,
      "r":0.8172853828,
      "f":0.8149219202
    },
    "mod":{
      "p":0.8490242333,
      "r":0.8515809852,
      "f":0.8503006873
    },
    "conj:coord":{
      "p":0.8240146654,
      "r":0.8225068618,
      "f":0.8232600733
    },
    "subj":{
      "p":0.8625356125,
      "r":0.8552259887,
      "f":0.8588652482
    },
    "comp:pred":{
      "p":0.7828810021,
      "r":0.744047619,
      "f":0.7629704985
    },
    "subj@pass":{
      "p":0.8235294118,
      "r":0.7,
      "f":0.7567567568
    },
    "flat@name":{
      "p":0.8125,
      "r":0.6957746479,
      "f":0.7496206373
    },
    "unk":{
      "p":0.8380952381,
      "r":0.8461538462,
      "f":0.8421052632
    },
    "dep":{
      "p":0.0,
      "r":0.0,
      "f":0.0
    },
    "conj:appos":{
      "p":0.5454545455,
      "r":0.2553191489,
      "f":0.347826087
    },
    "goeswith":{
      "p":0.0,
      "r":0.0,
      "f":0.0
    },
    "flat@num":{
      "p":0.8571428571,
      "r":1.0,
      "f":0.9230769231
    },
    "vocative":{
      "p":0.8,
      "r":0.8,
      "f":0.8
    },
    "parataxis":{
      "p":0.0,
      "r":0.0,
      "f":0.0
    },
    "conj:coord@emb":{
      "p":0.0,
      "r":0.0,
      "f":0.0
    },
    "compound":{
      "p":1.0,
      "r":0.5,
      "f":0.6666666667
    }
  },
  "speed":84494.1593829544
}