{
  "tag_acc":0.9047014438,
  "sents_p":1.0,
  "sents_r":1.0,
  "sents_f":1.0,
  "dep_uas":0.8356671262,
  "dep_las":0.7805630124,
  "dep_las_per_type":{
    "mod":{
      "p":0.7756992696,
      "r":0.7656057675,
      "f":0.770619469
    },
    "orphan":{
      "p":0.0,
      "r":0.0,
      "f":0.0
    },
    "root":{
      "p":0.8599855282,
      "r":0.8599855282,
      "f":0.8599855282
    },
    "list":{
      "p":0.75,
      "r":0.2727272727,
      "f":0.4
    },
    "cc":{
      "p":0.83640553,
      "r":0.8832116788,
      "f":0.8591715976
    },
    "conj:coord":{
      "p":0.6663124336,
      "r":0.5563442768,
      "f":0.6063829787
    },
    "subj":{
      "p":0.7367832168,
      "r":0.7788290952,
      "f":0.7572229409
    },
    "udep@tmod":{
      "p":0.7800829876,
      "r":0.7230769231,
      "f":0.750499002
    },
    "comp:obj":{
      "p":0.7973523422,
      "r":0.8287175869,
      "f":0.8127324626
    },
    "discourse@sp":{
      "p":0.7649950836,
      "r":0.781124498,
      "f":0.7729756582
    },
    "udep@lmod":{
      "p":0.7604562738,
      "r":0.6451612903,
      "f":0.6980802792
    },
    "parataxis":{
      "p":0.5075471698,
      "r":0.5534979424,
      "f":0.5295275591
    },
    "comp:pred":{
      "p":0.6682464455,
      "r":0.7704918033,
      "f":0.7157360406
    },
    "flat@vv":{
      "p":0.5736196319,
      "r":0.5771604938,
      "f":0.5753846154
    },
    "comp@expl":{
      "p":0.5909090909,
      "r":0.3333333333,
      "f":0.4262295082
    },
    "discourse":{
      "p":0.6956521739,
      "r":0.4444444444,
      "f":0.5423728814
    },
    "udep":{
      "p":0.7702702703,
      "r":0.718487395,
      "f":0.7434782609
    },
    "dislocated":{
      "p":0.1111111111,
      "r":0.0217391304,
      "f":0.0363636364
    },
    "dep":{
      "p":0.0,
      "r":0.0,
      "f":0.0
    },
    "det":{
      "p":0.8491048593,
      "r":0.8405063291,
      "f":0.844783715
    },
    "flat":{
      "p":0.6937394247,
      "r":0.6699346405,
      "f":0.6816292602
    },
    "clf":{
      "p":0.6326530612,
      "r":0.8051948052,
      "f":0.7085714286
    },
    "comp:obl":{
      "p":0.6713780919,
      "r":0.6462585034,
      "f":0.6585788562
    },
    "comp:aux":{
      "p":0.9069148936,
      "r":0.9093333333,
      "f":0.9081225033
    },
    "compound@redup":{
      "p":0.5,
      "r":0.5,
      "f":0.5
    },
    "unk":{
      "p":0.8965517241,
      "r":0.5531914894,
      "f":0.6842105263
    },
    "vocative":{
      "p":0.0,
      "r":0.0,
      "f":0.0
    },
    "compound":{
      "p":0.8609271523,
      "r":0.824088748,
      "f":0.8421052632
    },
    "subj@pass":{
      "p":0.0,
      "r":0.0,
      "f":0.0
    },
    "unk@expl":{
      "p":0.0,
      "r":0.0,
      "f":0.0
    },
    "conj:coord@emb":{
      "p":0.0,
      "r":0.0,
      "f":0.0
    },
    "flat@foreign":{
      "p":1.0,
      "r":1.0,
      "f":1.0
    }
  },
  "speed":127708.5395097703
}