{
  "tag_acc":0.8834085067,
  "sents_p":0.9926443545,
  "sents_r":0.996308601,
  "sents_f":0.9944731024,
  "dep_uas":0.6766089529,
  "dep_las":0.542606334,
  "dep_las_per_type":{
    "orphan":{
      "p":0.3289473684,
      "r":0.2460629921,
      "f":0.2815315315
    },
    "comp:obj":{
      "p":0.632923996,
      "r":0.6830229226,
      "f":0.6570198105
    },
    "flat":{
      "p":0.6269261963,
      "r":0.5439831105,
      "f":0.5825169555
    },
    "root":{
      "p":0.795145274,
      "r":0.7980804725,
      "f":0.7966101695
    },
    "udep":{
      "p":0.2244488978,
      "r":0.183908046,
      "f":0.202166065
    },
    "conj:coord":{
      "p":0.371488764,
      "r":0.3691556176,
      "f":0.3703185159
    },
    "conj:coord@emb":{
      "p":0.2631578947,
      "r":0.0943396226,
      "f":0.1388888889
    },
    "mod":{
      "p":0.5230731468,
      "r":0.5722341568,
      "f":0.5465503975
    },
    "udep@instr":{
      "p":0.4367346939,
      "r":0.4798206278,
      "f":0.4572649573
    },
    "compound@coord":{
      "p":0.4646464646,
      "r":0.2911392405,
      "f":0.3579766537
    },
    "subj":{
      "p":0.5267633817,
      "r":0.5574377978,
      "f":0.5416666667
    },
    "cc":{
      "p":0.7760869565,
      "r":0.7628205128,
      "f":0.7693965517
    },
    "mod@ccomp":{
      "p":0.4129032258,
      "r":0.4413793103,
      "f":0.4266666667
    },
    "comp:obl":{
      "p":0.4769736842,
      "r":0.4178674352,
      "f":0.44546851
    },
    "det":{
      "p":0.5387453875,
      "r":0.4794745484,
      "f":0.5073848827
    },
    "dep":{
      "p":0.0,
      "r":0.0,
      "f":0.0
    },
    "parataxis":{
      "p":0.1932773109,
      "r":0.185483871,
      "f":0.1893004115
    },
    "mod@relcl":{
      "p":0.28125,
      "r":0.2459016393,
      "f":0.2623906706
    },
    "mod@tcl":{
      "p":0.3121693122,
      "r":0.3881578947,
      "f":0.3460410557
    },
    "udep@goal":{
      "p":0.4207317073,
      "r":0.3520408163,
      "f":0.3833333333
    },
    "udep@benef":{
      "p":0.1276595745,
      "r":0.12,
      "f":0.1237113402
    },
    "udep@lmod":{
      "p":0.2457627119,
      "r":0.1823899371,
      "f":0.2093862816
    },
    "udep@source":{
      "p":0.1698113208,
      "r":0.097826087,
      "f":0.124137931
    },
    "discourse":{
      "p":0.703087886,
      "r":0.7141133896,
      "f":0.7085577499
    },
    "mod@appos":{
      "p":0.0769230769,
      "r":0.0571428571,
      "f":0.0655737705
    },
    "udep@tmod":{
      "p":0.2526315789,
      "r":0.2474226804,
      "f":0.25
    },
    "comp:pred":{
      "p":0.4066390041,
      "r":0.339100346,
      "f":0.3698113208
    },
    "vocative":{
      "p":0.3615819209,
      "r":0.347826087,
      "f":0.3545706371
    },
    "comp:obl@agent":{
      "p":0.0,
      "r":0.0,
      "f":0.0
    },
    "mod@manner":{
      "p":0.3582089552,
      "r":0.2696629213,
      "f":0.3076923077
    },
    "comp:obj@sim":{
      "p":0.5351351351,
      "r":0.6971830986,
      "f":0.6055045872
    },
    "mod@fin":{
      "p":0.3157894737,
      "r":0.3272727273,
      "f":0.3214285714
    },
    "mod@cond":{
      "p":0.2580645161,
      "r":0.3428571429,
      "f":0.2944785276
    },
    "mod@attr":{
      "p":0.0909090909,
      "r":0.0243902439,
      "f":0.0384615385
    },
    "mod@dpct":{
      "p":0.0588235294,
      "r":0.0210526316,
      "f":0.0310077519
    },
    "unk":{
      "p":0.7910447761,
      "r":0.803030303,
      "f":0.7969924812
    },
    "udep@path":{
      "p":0.0,
      "r":0.0,
      "f":0.0
    },
    "comp:pred@result":{
      "p":0.3676470588,
      "r":0.3968253968,
      "f":0.3816793893
    },
    "udep@manner":{
      "p":0.2244897959,
      "r":0.2933333333,
      "f":0.2543352601
    },
    "comp:aux":{
      "p":0.5909090909,
      "r":0.4814814815,
      "f":0.5306122449
    },
    "udep@soc":{
      "p":0.1,
      "r":0.0476190476,
      "f":0.064516129
    },
    "dislocated":{
      "p":0.0,
      "r":0.0,
      "f":0.0
    },
    "conj:appos":{
      "p":0.2608695652,
      "r":0.1276595745,
      "f":0.1714285714
    },
    "compound":{
      "p":0.1666666667,
      "r":0.3333333333,
      "f":0.2222222222
    },
    "udep@grad":{
      "p":0.3,
      "r":0.1764705882,
      "f":0.2222222222
    },
    "mod@ptcp":{
      "p":0.1,
      "r":0.023255814,
      "f":0.0377358491
    },
    "mod@caus":{
      "p":0.3461538462,
      "r":0.2195121951,
      "f":0.2686567164
    },
    "mod@concess":{
      "p":0.0,
      "r":0.0,
      "f":0.0
    },
    "mod@crel":{
      "p":0.0,
      "r":0.0,
      "f":0.0
    },
    "comp:obl@rel":{
      "p":0.0,
      "r":0.0,
      "f":0.0
    },
    "comp:obj@rel":{
      "p":0.0,
      "r":0.0,
      "f":0.0
    },
    "comp:obj@result":{
      "p":0.0,
      "r":0.0,
      "f":0.0
    },
    "mod@pred":{
      "p":0.0,
      "r":0.0,
      "f":0.0
    },
    "compound@name":{
      "p":0.0,
      "r":0.0,
      "f":0.0
    },
    "mod@lcl":{
      "p":0.0,
      "r":0.0,
      "f":0.0
    },
    "mod@consec":{
      "p":0.0,
      "r":0.0,
      "f":0.0
    }
  },
  "speed":101093.4963755317
}