{
  "token_acc":1.0,
  "token_p":1.0,
  "token_r":1.0,
  "token_f":1.0,
  "tag_acc":0.9508209299,
  "sents_p":0.9926605505,
  "sents_r":0.9963167587,
  "sents_f":0.9944852941,
  "dep_uas":0.915144548,
  "dep_las":0.8862775152,
  "dep_las_per_type":{
    "comp:obj":{
      "p":0.9769549456,
      "r":0.9736774194,
      "f":0.975313429
    },
    "comp:obl":{
      "p":0.6601671309,
      "r":0.7181818182,
      "f":0.6879535559
    },
    "compound":{
      "p":0.9215434084,
      "r":0.9508958195,
      "f":0.9359895493
    },
    "mod":{
      "p":0.7395197395,
      "r":0.7341414141,
      "f":0.7368207624
    },
    "subj":{
      "p":0.7516666667,
      "r":0.7442244224,
      "f":0.7479270315
    },
    "comp:aux":{
      "p":0.958263773,
      "r":0.9598662207,
      "f":0.9590643275
    },
    "udep":{
      "p":0.691943128,
      "r":0.5251798561,
      "f":0.5971370143
    },
    "unk":{
      "p":0.9246467818,
      "r":0.9608482871,
      "f":0.9424
    },
    "root":{
      "p":0.9871559633,
      "r":0.9907918969,
      "f":0.9889705882
    },
    "comp:pred":{
      "p":0.9171974522,
      "r":0.8622754491,
      "f":0.8888888889
    },
    "dep":{
      "p":0.0,
      "r":0.0,
      "f":0.0
    },
    "cc":{
      "p":0.9047619048,
      "r":0.8636363636,
      "f":0.8837209302
    },
    "det":{
      "p":0.9746835443,
      "r":1.0,
      "f":0.9871794872
    },
    "conj:coord":{
      "p":0.4722222222,
      "r":0.5483870968,
      "f":0.5074626866
    },
    "discourse":{
      "p":0.0,
      "r":0.0,
      "f":0.0
    }
  },
  "speed":62328.4339270885
}