{
  "tag_acc":0.9076217079,
  "sents_p":1.0,
  "sents_r":1.0,
  "sents_f":1.0,
  "dep_uas":0.8429768555,
  "dep_las":0.7903032721,
  "dep_las_per_type":{
    "mod":{
      "p":0.7852173913,
      "r":0.8015655261,
      "f":0.7933072438
    },
    "orphan":{
      "p":0.0,
      "r":0.0,
      "f":0.0
    },
    "root":{
      "p":0.8688494935,
      "r":0.8688494935,
      "f":0.8688494935
    },
    "list":{
      "p":1.0,
      "r":0.4545454545,
      "f":0.625
    },
    "cc":{
      "p":0.8473372781,
      "r":0.8710462287,
      "f":0.8590281944
    },
    "subj":{
      "p":0.7513513514,
      "r":0.7808988764,
      "f":0.7658402204
    },
    "udep@tmod":{
      "p":0.8028455285,
      "r":0.7775590551,
      "f":0.79
    },
    "conj:coord":{
      "p":0.6720977597,
      "r":0.5856255546,
      "f":0.6258890469
    },
    "comp:obj":{
      "p":0.8201735168,
      "r":0.8254542247,
      "f":0.822805398
    },
    "discourse@sp":{
      "p":0.751503006,
      "r":0.7530120482,
      "f":0.7522567703
    },
    "comp:obl":{
      "p":0.7357357357,
      "r":0.6843575419,
      "f":0.7091172214
    },
    "parataxis":{
      "p":0.528358209,
      "r":0.5462962963,
      "f":0.5371775417
    },
    "comp:pred":{
      "p":0.6178343949,
      "r":0.7950819672,
      "f":0.6953405018
    },
    "flat@vv":{
      "p":0.5665680473,
      "r":0.5910493827,
      "f":0.5785498489
    },
    "comp@expl":{
      "p":0.5384615385,
      "r":0.358974359,
      "f":0.4307692308
    },
    "udep":{
      "p":0.2986111111,
      "r":0.1972477064,
      "f":0.2375690608
    },
    "discourse":{
      "p":0.6947368421,
      "r":0.4583333333,
      "f":0.5523012552
    },
    "dislocated":{
      "p":0.6923076923,
      "r":0.1956521739,
      "f":0.3050847458
    },
    "det":{
      "p":0.8177458034,
      "r":0.8632911392,
      "f":0.8399014778
    },
    "flat":{
      "p":0.6761678543,
      "r":0.6977124183,
      "f":0.6867712103
    },
    "clf":{
      "p":0.8188976378,
      "r":0.6753246753,
      "f":0.7402135231
    },
    "comp:aux":{
      "p":0.8956639566,
      "r":0.8813333333,
      "f":0.8884408602
    },
    "compound@redup":{
      "p":0.6493506494,
      "r":0.5208333333,
      "f":0.5780346821
    },
    "unk":{
      "p":0.8550724638,
      "r":0.6276595745,
      "f":0.7239263804
    },
    "udep@lmod":{
      "p":0.661971831,
      "r":0.4272727273,
      "f":0.5193370166
    },
    "vocative":{
      "p":0.0,
      "r":0.0,
      "f":0.0
    },
    "compound":{
      "p":0.852310231,
      "r":0.8185419968,
      "f":0.8350848828
    },
    "dep":{
      "p":0.0,
      "r":0.0,
      "f":0.0
    },
    "subj@pass":{
      "p":0.0,
      "r":0.0,
      "f":0.0
    },
    "unk@expl":{
      "p":0.0,
      "r":0.0,
      "f":0.0
    },
    "conj:coord@emb":{
      "p":0.0,
      "r":0.0,
      "f":0.0
    },
    "flat@foreign":{
      "p":1.0,
      "r":1.0,
      "f":1.0
    }
  },
  "speed":81175.7816355912
}