{
  "token_acc":1.0,
  "token_p":1.0,
  "token_r":1.0,
  "token_f":1.0,
  "tag_acc":0.9241238517,
  "sents_p":0.9857397504,
  "sents_r":0.9928186715,
  "sents_f":0.9892665474,
  "dep_uas":0.8459983234,
  "dep_las":0.7504314808,
  "dep_las_per_type":{
    "subj@pass":{
      "p":0.7339055794,
      "r":0.7434782609,
      "f":0.7386609071
    },
    "mod":{
      "p":0.6266233766,
      "r":0.6191567369,
      "f":0.622867681
    },
    "comp:obj":{
      "p":0.8499746579,
      "r":0.872074883,
      "f":0.8608829569
    },
    "root":{
      "p":0.8484848485,
      "r":0.8545780969,
      "f":0.8515205725
    },
    "flat@name":{
      "p":0.8281829419,
      "r":0.8545918367,
      "f":0.8411801632
    },
    "udep@tmod":{
      "p":0.7777777778,
      "r":0.7777777778,
      "f":0.7777777778
    },
    "cc":{
      "p":0.8512396694,
      "r":0.860724234,
      "f":0.8559556787
    },
    "conj:coord":{
      "p":0.6639839034,
      "r":0.6560636183,
      "f":0.66
    },
    "conj:coord@emb":{
      "p":0.1666666667,
      "r":0.0526315789,
      "f":0.08
    },
    "comp:pred":{
      "p":0.9047619048,
      "r":0.8189655172,
      "f":0.8597285068
    },
    "subj":{
      "p":0.7917222964,
      "r":0.8035230352,
      "f":0.7975790182
    },
    "mod@relcl":{
      "p":0.7735191638,
      "r":0.8014440433,
      "f":0.7872340426
    },
    "comp:obl":{
      "p":0.6829710145,
      "r":0.725,
      "f":0.703358209
    },
    "unk":{
      "p":0.4716981132,
      "r":0.3787878788,
      "f":0.4201680672
    },
    "comp:aux":{
      "p":0.9166666667,
      "r":0.9527559055,
      "f":0.9343629344
    },
    "compound":{
      "p":0.7316341829,
      "r":0.7272727273,
      "f":0.7294469357
    },
    "conj:appos":{
      "p":0.6046511628,
      "r":0.6103286385,
      "f":0.6074766355
    },
    "mod@poss":{
      "p":0.865248227,
      "r":0.9104477612,
      "f":0.8872727273
    },
    "flat":{
      "p":0.7407407407,
      "r":0.5405405405,
      "f":0.625
    },
    "det":{
      "p":0.8730650155,
      "r":0.8318584071,
      "f":0.8519637462
    },
    "udep":{
      "p":0.2526315789,
      "r":0.1777777778,
      "f":0.2086956522
    },
    "parataxis":{
      "p":0.1428571429,
      "r":0.0975609756,
      "f":0.115942029
    },
    "mod@emph":{
      "p":0.9047619048,
      "r":0.8636363636,
      "f":0.8837209302
    },
    "comp:obj@adv":{
      "p":0.6363636364,
      "r":0.4117647059,
      "f":0.5
    },
    "dep":{
      "p":0.0,
      "r":0.0,
      "f":0.0
    },
    "mod@lmod":{
      "p":0.3333333333,
      "r":0.1428571429,
      "f":0.2
    },
    "goeswith":{
      "p":0.8235294118,
      "r":0.6666666667,
      "f":0.7368421053
    },
    "mod@tmod":{
      "p":0.0,
      "r":0.0,
      "f":0.0
    },
    "comp:obl@agent":{
      "p":0.8333333333,
      "r":0.7142857143,
      "f":0.7692307692
    },
    "discourse":{
      "p":0.0,
      "r":0.0,
      "f":0.0
    },
    "clf":{
      "p":0.0,
      "r":0.0,
      "f":0.0
    }
  },
  "speed":80327.8436505142
}