{
  "token_acc":0.9959263611,
  "token_p":0.966431649,
  "token_r":0.9832230812,
  "token_f":0.9747550569,
  "tag_acc":0.9308525521,
  "sents_p":0.7456499488,
  "sents_r":0.7014925373,
  "sents_f":0.722897544,
  "dep_uas":0.8439821019,
  "dep_las":0.7963408544,
  "dep_las_per_type":{
    "root":{
      "p":0.8363914373,
      "r":0.7900818488,
      "f":0.8125773706
    },
    "mod":{
      "p":0.7360639845,
      "r":0.7434516524,
      "f":0.739739374
    },
    "subj":{
      "p":0.9023638232,
      "r":0.8824120603,
      "f":0.8922764228
    },
    "comp:obj":{
      "p":0.8817102138,
      "r":0.9084679393,
      "f":0.8948891032
    },
    "comp:obl":{
      "p":0.7166482911,
      "r":0.6996770721,
      "f":0.7080610022
    },
    "mod@poss":{
      "p":0.9411764706,
      "r":0.918429003,
      "f":0.9296636086
    },
    "compound":{
      "p":0.6822916667,
      "r":0.6717948718,
      "f":0.677002584
    },
    "cc":{
      "p":0.8921832884,
      "r":0.8826666667,
      "f":0.8873994638
    },
    "conj:coord":{
      "p":0.6937046005,
      "r":0.6789099526,
      "f":0.6862275449
    },
    "det":{
      "p":0.9398578458,
      "r":0.9398578458,
      "f":0.9398578458
    },
    "flat":{
      "p":0.6543909348,
      "r":0.6452513966,
      "f":0.6497890295
    },
    "udep":{
      "p":0.606779661,
      "r":0.5407854985,
      "f":0.571884984
    },
    "udep@unmarked":{
      "p":0.5980392157,
      "r":0.5398230088,
      "f":0.5674418605
    },
    "comp:pred":{
      "p":0.8030095759,
      "r":0.8164116829,
      "f":0.8096551724
    },
    "mod@relcl":{
      "p":0.6351351351,
      "r":0.6650943396,
      "f":0.6497695853
    },
    "udep@poss":{
      "p":0.8888888889,
      "r":0.8571428571,
      "f":0.8727272727
    },
    "comp:aux":{
      "p":0.9755501222,
      "r":0.9779411765,
      "f":0.976744186
    },
    "subj@pass":{
      "p":0.7961165049,
      "r":0.752293578,
      "f":0.7735849057
    },
    "comp:aux@pass":{
      "p":0.8923076923,
      "r":0.9430894309,
      "f":0.9169960474
    },
    "unk":{
      "p":0.9310344828,
      "r":0.84375,
      "f":0.8852459016
    },
    "mod@unmarked":{
      "p":0.3987730061,
      "r":0.5855855856,
      "f":0.4744525547
    },
    "compound@prt":{
      "p":0.7373737374,
      "r":0.8202247191,
      "f":0.7765957447
    },
    "parataxis":{
      "p":0.29218107,
      "r":0.3060344828,
      "f":0.2989473684
    },
    "comp:obl@agent":{
      "p":0.8888888889,
      "r":0.8888888889,
      "f":0.8888888889
    },
    "comp@expl":{
      "p":0.8103448276,
      "r":0.8392857143,
      "f":0.8245614035
    },
    "conj:appos":{
      "p":0.3107344633,
      "r":0.3716216216,
      "f":0.3384615385
    },
    "cc@preconj":{
      "p":0.6666666667,
      "r":0.4,
      "f":0.5
    },
    "mod@desc":{
      "p":0.7142857143,
      "r":0.5681818182,
      "f":0.6329113924
    },
    "conj:coord@emb":{
      "p":0.2727272727,
      "r":0.1764705882,
      "f":0.2142857143
    },
    "dep":{
      "p":0.0,
      "r":0.0,
      "f":0.0
    },
    "unk@expl":{
      "p":0.1428571429,
      "r":0.1666666667,
      "f":0.1538461538
    },
    "discourse":{
      "p":0.712962963,
      "r":0.6111111111,
      "f":0.6581196581
    },
    "list":{
      "p":0.3816793893,
      "r":0.1724137931,
      "f":0.2375296912
    },
    "vocative":{
      "p":0.25,
      "r":0.2857142857,
      "f":0.2666666667
    },
    "reparandum":{
      "p":0.0,
      "r":0.0,
      "f":0.0
    },
    "det@predet":{
      "p":0.8846153846,
      "r":0.92,
      "f":0.9019607843
    },
    "goeswith":{
      "p":0.5714285714,
      "r":0.2666666667,
      "f":0.3636363636
    },
    "orphan":{
      "p":0.0,
      "r":0.0,
      "f":0.0
    }
  },
  "speed":137958.0533241833
}