{
  "token_acc":0.9998062016,
  "token_p":0.9987887597,
  "token_r":0.9991760372,
  "token_f":0.9989823609,
  "tag_acc":0.9191625473,
  "sents_p":0.0096153846,
  "sents_r":0.0010111223,
  "sents_f":0.0018298262,
  "dep_uas":0.7368503403,
  "dep_las":0.6998722195,
  "dep_las_per_type":{
    "subj":{
      "p":0.6153846154,
      "r":0.6134387352,
      "f":0.6144101346
    },
    "flat":{
      "p":0.544591029,
      "r":0.6106508876,
      "f":0.5757322176
    },
    "compound":{
      "p":0.7381121363,
      "r":0.776989167,
      "f":0.7570518653
    },
    "comp:obj":{
      "p":0.8252658997,
      "r":0.825803649,
      "f":0.8255346868
    },
    "mod@poss":{
      "p":0.6423611111,
      "r":0.6928838951,
      "f":0.6666666667
    },
    "udep":{
      "p":0.574863388,
      "r":0.6130536131,
      "f":0.5933446136
    },
    "mod":{
      "p":0.4908453448,
      "r":0.5921052632,
      "f":0.5367412141
    },
    "conj:appos":{
      "p":0.475308642,
      "r":0.3989637306,
      "f":0.4338028169
    },
    "mod@relcl":{
      "p":0.5399610136,
      "r":0.6034858388,
      "f":0.5699588477
    },
    "conj:coord":{
      "p":0.4374009509,
      "r":0.5045703839,
      "f":0.4685908319
    },
    "unk":{
      "p":0.6723549488,
      "r":0.6175548589,
      "f":0.6437908497
    },
    "comp:pred":{
      "p":0.854368932,
      "r":0.8516129032,
      "f":0.8529886914
    },
    "comp:aux":{
      "p":0.9564710455,
      "r":0.9512949362,
      "f":0.953875969
    },
    "comp:obl":{
      "p":0.25,
      "r":0.2702702703,
      "f":0.2597402597
    },
    "root":{
      "p":0.8365384615,
      "r":0.0879676441,
      "f":0.1591948765
    },
    "dep":{
      "p":0.0,
      "r":0.0,
      "f":0.0
    },
    "det@poss":{
      "p":0.8571428571,
      "r":0.3636363636,
      "f":0.5106382979
    },
    "subj@pass":{
      "p":0.5185185185,
      "r":0.4444444444,
      "f":0.4786324786
    },
    "cc":{
      "p":0.4827586207,
      "r":0.4516129032,
      "f":0.4666666667
    },
    "conj:coord@emb":{
      "p":0.0,
      "r":0.0,
      "f":0.0
    },
    "det":{
      "p":0.859375,
      "r":0.6179775281,
      "f":0.7189542484
    },
    "udep@poss":{
      "p":0.0,
      "r":0.0,
      "f":0.0
    }
  },
  "speed":108261.4246055628
}