{
  "tag_acc":0.9083291011,
  "sents_p":0.9996382709,
  "sents_r":0.9998191027,
  "sents_f":0.9997286787,
  "dep_uas":0.8402016977,
  "dep_las":0.7873830081,
  "dep_las_per_type":{
    "mod":{
      "p":0.7778138177,
      "r":0.7948293006,
      "f":0.7862295082
    },
    "orphan":{
      "p":0.0,
      "r":0.0,
      "f":0.0
    },
    "root":{
      "p":0.8592873937,
      "r":0.8594428365,
      "f":0.8593651081
    },
    "list":{
      "p":1.0,
      "r":0.2727272727,
      "f":0.4285714286
    },
    "cc":{
      "p":0.8445475638,
      "r":0.8856447689,
      "f":0.864608076
    },
    "subj":{
      "p":0.7426553672,
      "r":0.7773506801,
      "f":0.75960705
    },
    "conj:coord":{
      "p":0.7135193133,
      "r":0.5900621118,
      "f":0.6459446333
    },
    "udep@tmod":{
      "p":0.7169117647,
      "r":0.75,
      "f":0.7330827068
    },
    "comp:obj":{
      "p":0.8248757984,
      "r":0.8200740871,
      "f":0.8224679345
    },
    "discourse@sp":{
      "p":0.7742257742,
      "r":0.7781124498,
      "f":0.7761642464
    },
    "udep@lmod":{
      "p":0.6676829268,
      "r":0.7064516129,
      "f":0.6865203762
    },
    "parataxis":{
      "p":0.518,
      "r":0.5329218107,
      "f":0.5253549696
    },
    "comp:pred":{
      "p":0.6483050847,
      "r":0.8360655738,
      "f":0.7303102625
    },
    "flat@vv":{
      "p":0.5315789474,
      "r":0.6234567901,
      "f":0.5738636364
    },
    "comp@expl":{
      "p":0.5652173913,
      "r":0.3333333333,
      "f":0.4193548387
    },
    "discourse":{
      "p":0.5833333333,
      "r":0.4861111111,
      "f":0.5303030303
    },
    "udep":{
      "p":0.3548387097,
      "r":0.2018348624,
      "f":0.2573099415
    },
    "dislocated":{
      "p":0.0,
      "r":0.0,
      "f":0.0
    },
    "dep":{
      "p":0.0,
      "r":0.0,
      "f":0.0
    },
    "det":{
      "p":0.8702290076,
      "r":0.8658227848,
      "f":0.8680203046
    },
    "flat":{
      "p":0.6991596639,
      "r":0.6797385621,
      "f":0.6893123447
    },
    "clf":{
      "p":0.6590909091,
      "r":0.7532467532,
      "f":0.703030303
    },
    "comp:obl":{
      "p":0.6907216495,
      "r":0.6401273885,
      "f":0.6644628099
    },
    "comp:aux":{
      "p":0.9184782609,
      "r":0.9013333333,
      "f":0.9098250336
    },
    "compound@redup":{
      "p":0.6666666667,
      "r":0.5,
      "f":0.5714285714
    },
    "unk":{
      "p":0.8518518519,
      "r":0.7340425532,
      "f":0.7885714286
    },
    "vocative":{
      "p":1.0,
      "r":0.1875,
      "f":0.3157894737
    },
    "compound":{
      "p":0.8714524207,
      "r":0.8272583201,
      "f":0.8487804878
    },
    "subj@pass":{
      "p":0.0,
      "r":0.0,
      "f":0.0
    },
    "unk@expl":{
      "p":0.0,
      "r":0.0,
      "f":0.0
    },
    "flat@foreign":{
      "p":0.5,
      "r":1.0,
      "f":0.6666666667
    },
    "conj:coord@emb":{
      "p":0.0,
      "r":0.0,
      "f":0.0
    }
  },
  "speed":123785.8508711225
}