{
  "token_acc":1.0,
  "token_p":1.0,
  "token_r":1.0,
  "token_f":1.0,
  "tag_acc":0.9198509661,
  "sents_p":0.9822064057,
  "sents_r":0.9910233393,
  "sents_f":0.9865951743,
  "dep_uas":0.8363563079,
  "dep_las":0.7416364369,
  "dep_las_per_type":{
    "subj@pass":{
      "p":0.730941704,
      "r":0.7086956522,
      "f":0.7196467991
    },
    "udep":{
      "p":0.5323992995,
      "r":0.5305410122,
      "f":0.5314685315
    },
    "mod":{
      "p":0.6554894538,
      "r":0.6332288401,
      "f":0.6441668881
    },
    "comp:obj":{
      "p":0.8366311517,
      "r":0.8678947368,
      "f":0.8519762335
    },
    "root":{
      "p":0.8327402135,
      "r":0.8402154399,
      "f":0.836461126
    },
    "flat@name":{
      "p":0.8082840237,
      "r":0.8711734694,
      "f":0.8385512584
    },
    "udep@tmod":{
      "p":0.7631578947,
      "r":0.8055555556,
      "f":0.7837837838
    },
    "cc":{
      "p":0.8916666667,
      "r":0.8941504178,
      "f":0.892906815
    },
    "conj:coord":{
      "p":0.6337209302,
      "r":0.6500994036,
      "f":0.6418056919
    },
    "conj:coord@emb":{
      "p":0.6,
      "r":0.3157894737,
      "f":0.4137931034
    },
    "comp:pred":{
      "p":0.8867924528,
      "r":0.8103448276,
      "f":0.8468468468
    },
    "subj":{
      "p":0.8011444921,
      "r":0.7588075881,
      "f":0.779401531
    },
    "mod@relcl":{
      "p":0.7282608696,
      "r":0.725631769,
      "f":0.7269439421
    },
    "comp:obl":{
      "p":0.602739726,
      "r":0.6303724928,
      "f":0.6162464986
    },
    "unk":{
      "p":0.4305555556,
      "r":0.4696969697,
      "f":0.4492753623
    },
    "comp:aux":{
      "p":0.9076923077,
      "r":0.9291338583,
      "f":0.9182879377
    },
    "compound":{
      "p":0.7481031866,
      "r":0.7347242921,
      "f":0.7413533835
    },
    "parataxis":{
      "p":0.1794871795,
      "r":0.1707317073,
      "f":0.175
    },
    "conj:appos":{
      "p":0.6733668342,
      "r":0.6291079812,
      "f":0.6504854369
    },
    "flat":{
      "p":0.7916666667,
      "r":0.5135135135,
      "f":0.6229508197
    },
    "det":{
      "p":0.898989899,
      "r":0.8557692308,
      "f":0.8768472906
    },
    "mod@poss":{
      "p":0.7333333333,
      "r":0.6875,
      "f":0.7096774194
    },
    "comp:obj@adv":{
      "p":0.6666666667,
      "r":0.3529411765,
      "f":0.4615384615
    },
    "dep":{
      "p":0.0,
      "r":0.0,
      "f":0.0
    },
    "mod@lmod":{
      "p":0.0,
      "r":0.0,
      "f":0.0
    },
    "goeswith":{
      "p":0.8,
      "r":0.380952381,
      "f":0.5161290323
    },
    "mod@emph":{
      "p":0.0,
      "r":0.0,
      "f":0.0
    },
    "mod@tmod":{
      "p":0.0,
      "r":0.0,
      "f":0.0
    },
    "comp:obl@agent":{
      "p":0.0,
      "r":0.0,
      "f":0.0
    },
    "discourse":{
      "p":0.0,
      "r":0.0,
      "f":0.0
    },
    "flat@foreign":{
      "p":0.0,
      "r":0.0,
      "f":0.0
    },
    "clf":{
      "p":0.0,
      "r":0.0,
      "f":0.0
    }
  },
  "speed":84088.4015716854
}