{
  "tag_acc":0.93259318,
  "sents_p":1.0,
  "sents_r":1.0,
  "sents_f":1.0,
  "dep_uas":0.7250124316,
  "dep_las":0.6444554948,
  "dep_las_per_type":{
    "vocative":{
      "p":1.0,
      "r":0.6666666667,
      "f":0.8
    },
    "subj":{
      "p":0.7654320988,
      "r":0.7045454545,
      "f":0.7337278107
    },
    "root":{
      "p":0.81,
      "r":0.81,
      "f":0.81
    },
    "mod":{
      "p":0.7063829787,
      "r":0.7124463519,
      "f":0.7094017094
    },
    "conj:coord":{
      "p":0.3243243243,
      "r":0.2666666667,
      "f":0.2926829268
    },
    "comp:aux":{
      "p":0.8918918919,
      "r":0.8461538462,
      "f":0.8684210526
    },
    "comp:obj@rel":{
      "p":0.6666666667,
      "r":0.5454545455,
      "f":0.6
    },
    "comp:obj":{
      "p":0.6,
      "r":0.6687898089,
      "f":0.6325301205
    },
    "discourse@sp":{
      "p":0.6936936937,
      "r":0.6754385965,
      "f":0.6844444444
    },
    "dep":{
      "p":0.0,
      "r":0.0,
      "f":0.0
    },
    "udep":{
      "p":0.375,
      "r":0.3214285714,
      "f":0.3461538462
    },
    "compound@dir":{
      "p":0.7,
      "r":0.7777777778,
      "f":0.7368421053
    },
    "comp:obl":{
      "p":0.4285714286,
      "r":0.3333333333,
      "f":0.375
    },
    "dislocated":{
      "p":0.0,
      "r":0.0,
      "f":0.0
    },
    "mod@coverb":{
      "p":1.0,
      "r":0.3333333333,
      "f":0.5
    },
    "conj:coord@emb":{
      "p":0.3333333333,
      "r":1.0,
      "f":0.5
    },
    "udep@tmod":{
      "p":0.5,
      "r":0.3076923077,
      "f":0.380952381
    },
    "reparandum":{
      "p":0.6666666667,
      "r":0.25,
      "f":0.3636363636
    },
    "det":{
      "p":0.7333333333,
      "r":0.8461538462,
      "f":0.7857142857
    },
    "parataxis":{
      "p":0.3,
      "r":0.2307692308,
      "f":0.2608695652
    },
    "clf":{
      "p":0.8888888889,
      "r":0.8888888889,
      "f":0.8888888889
    },
    "discourse":{
      "p":0.5384615385,
      "r":0.5,
      "f":0.5185185185
    },
    "clf@det":{
      "p":0.6666666667,
      "r":0.3333333333,
      "f":0.4444444444
    },
    "comp:obj@loc":{
      "p":0.5714285714,
      "r":0.8,
      "f":0.6666666667
    },
    "cc":{
      "p":0.5,
      "r":0.75,
      "f":0.6
    },
    "conj:appos":{
      "p":0.0,
      "r":0.0,
      "f":0.0
    },
    "comp:pred":{
      "p":0.4444444444,
      "r":0.4,
      "f":0.4210526316
    },
    "comp:obj@periph":{
      "p":0.0,
      "r":0.0,
      "f":0.0
    },
    "compound@quant":{
      "p":0.0,
      "r":0.0,
      "f":0.0
    },
    "compound@vv":{
      "p":0.7272727273,
      "r":0.8,
      "f":0.7619047619
    },
    "subj@periph":{
      "p":0.0,
      "r":0.0,
      "f":0.0
    },
    "compound":{
      "p":0.6666666667,
      "r":0.4,
      "f":0.5
    },
    "flat":{
      "p":0.0,
      "r":0.0,
      "f":0.0
    },
    "compound@ext":{
      "p":0.0,
      "r":0.0,
      "f":0.0
    }
  },
  "speed":81417.8718768957
}