{
  "token_acc":1.0,
  "token_p":1.0,
  "token_r":1.0,
  "token_f":1.0,
  "tag_acc":0.9617536154,
  "sents_p":0.9986263736,
  "sents_r":0.9993127148,
  "sents_f":0.9989694263,
  "dep_uas":0.9061725588,
  "dep_las":0.8664317381,
  "dep_las_per_type":{
    "det":{
      "p":0.9173228346,
      "r":0.9668049793,
      "f":0.9414141414
    },
    "comp:obj":{
      "p":0.9214518917,
      "r":0.9255401235,
      "f":0.923491483
    },
    "compound@lvc":{
      "p":0.9434364995,
      "r":0.9603476372,
      "f":0.9518169583
    },
    "root":{
      "p":0.9519230769,
      "r":0.9525773196,
      "f":0.9522500859
    },
    "comp:aux":{
      "p":0.9779086892,
      "r":0.9910447761,
      "f":0.9844329133
    },
    "cc":{
      "p":0.9358717435,
      "r":0.934,
      "f":0.9349349349
    },
    "udep":{
      "p":0.7217871948,
      "r":0.7184777625,
      "f":0.7201286765
    },
    "comp:obl":{
      "p":0.7205323194,
      "r":0.6909753874,
      "f":0.7054443927
    },
    "mod":{
      "p":0.8496905393,
      "r":0.8519503546,
      "f":0.8508189464
    },
    "conj:coord":{
      "p":0.8089579525,
      "r":0.8096980787,
      "f":0.8093278464
    },
    "subj":{
      "p":0.8747252747,
      "r":0.843220339,
      "f":0.8586839266
    },
    "comp:pred":{
      "p":0.7732793522,
      "r":0.7579365079,
      "f":0.7655310621
    },
    "subj@pass":{
      "p":0.9411764706,
      "r":0.8,
      "f":0.8648648649
    },
    "flat@name":{
      "p":0.7192513369,
      "r":0.7577464789,
      "f":0.7379972565
    },
    "unk":{
      "p":0.7904761905,
      "r":0.7980769231,
      "f":0.7942583732
    },
    "conj:appos":{
      "p":0.5,
      "r":0.3404255319,
      "f":0.4050632911
    },
    "goeswith":{
      "p":0.0,
      "r":0.0,
      "f":0.0
    },
    "flat@num":{
      "p":0.8571428571,
      "r":1.0,
      "f":0.9230769231
    },
    "vocative":{
      "p":0.6666666667,
      "r":0.8,
      "f":0.7272727273
    },
    "parataxis":{
      "p":0.6666666667,
      "r":0.6666666667,
      "f":0.6666666667
    },
    "dep":{
      "p":0.0,
      "r":0.0,
      "f":0.0
    },
    "compound":{
      "p":0.5,
      "r":0.5,
      "f":0.5
    },
    "conj:coord@emb":{
      "p":0.0,
      "r":0.0,
      "f":0.0
    }
  },
  "speed":98642.707313288
}