{
  "token_acc":1.0,
  "token_p":1.0,
  "token_r":1.0,
  "token_f":1.0,
  "tag_acc":0.8960515143,
  "sents_p":0.9941348974,
  "sents_r":0.9970588235,
  "sents_f":0.9955947137,
  "dep_uas":0.8424867896,
  "dep_las":0.7844566109,
  "dep_las_per_type":{
    "root":{
      "p":0.9208211144,
      "r":0.9235294118,
      "f":0.9221732746
    },
    "subj":{
      "p":0.804792519,
      "r":0.7977983778,
      "f":0.8012801862
    },
    "mod":{
      "p":0.8125513558,
      "r":0.8106363357,
      "f":0.8115927161
    },
    "parataxis":{
      "p":0.8379888268,
      "r":0.8754863813,
      "f":0.8563273073
    },
    "comp:obj":{
      "p":0.8909235669,
      "r":0.9109410615,
      "f":0.9008211238
    },
    "unk":{
      "p":0.686774942,
      "r":0.6153846154,
      "f":0.649122807
    },
    "comp:obl":{
      "p":0.6188303608,
      "r":0.6501089325,
      "f":0.6340841479
    },
    "cc":{
      "p":0.8101788171,
      "r":0.8140981341,
      "f":0.812133747
    },
    "conj:coord":{
      "p":0.5436810857,
      "r":0.5427603726,
      "f":0.543220339
    },
    "comp:pred":{
      "p":0.5714285714,
      "r":0.5,
      "f":0.5333333333
    },
    "udep":{
      "p":0.400530504,
      "r":0.3595238095,
      "f":0.3789209536
    },
    "mod@pred":{
      "p":0.56,
      "r":0.4970414201,
      "f":0.526645768
    },
    "subj@pass":{
      "p":0.6461538462,
      "r":0.4565217391,
      "f":0.5350318471
    },
    "mod@relcl":{
      "p":0.7008928571,
      "r":0.6796536797,
      "f":0.6901098901
    },
    "conj:coord@emb":{
      "p":0.3125,
      "r":0.119047619,
      "f":0.1724137931
    },
    "mod@emph":{
      "p":0.4270833333,
      "r":0.4226804124,
      "f":0.4248704663
    },
    "flat":{
      "p":0.7272727273,
      "r":0.8275862069,
      "f":0.7741935484
    },
    "det":{
      "p":0.9325153374,
      "r":0.8444444444,
      "f":0.8862973761
    },
    "orphan":{
      "p":0.0,
      "r":0.0,
      "f":0.0
    },
    "comp:aux":{
      "p":0.8992248062,
      "r":0.8656716418,
      "f":0.8821292776
    },
    "comp:aux@pass":{
      "p":0.2,
      "r":0.0769230769,
      "f":0.1111111111
    },
    "dep":{
      "p":0.0,
      "r":0.0,
      "f":0.0
    },
    "conj:appos":{
      "p":0.756097561,
      "r":0.4492753623,
      "f":0.5636363636
    },
    "compound":{
      "p":0.0,
      "r":0.0,
      "f":0.0
    },
    "dislocated":{
      "p":0.6666666667,
      "r":0.1538461538,
      "f":0.25
    }
  },
  "speed":99078.7610324294
}