{
  "tag_acc":0.9081839948,
  "sents_p":1.0,
  "sents_r":1.0,
  "sents_f":1.0,
  "dep_uas":0.843321483,
  "dep_las":0.7906478996,
  "dep_las_per_type":{
    "mod":{
      "p":0.786913815,
      "r":0.8016462234,
      "f":0.7942117045
    },
    "orphan":{
      "p":0.0,
      "r":0.0,
      "f":0.0
    },
    "root":{
      "p":0.8695730825,
      "r":0.8695730825,
      "f":0.8695730825
    },
    "list":{
      "p":1.0,
      "r":0.4545454545,
      "f":0.625
    },
    "cc":{
      "p":0.8503562945,
      "r":0.8710462287,
      "f":0.8605769231
    },
    "subj":{
      "p":0.7500712454,
      "r":0.7782377292,
      "f":0.7638949354
    },
    "udep@tmod":{
      "p":0.8015873016,
      "r":0.7952755906,
      "f":0.7984189723
    },
    "conj:coord":{
      "p":0.6754832146,
      "r":0.5891748004,
      "f":0.6293838863
    },
    "comp:obj":{
      "p":0.8206836109,
      "r":0.8258952196,
      "f":0.8232811676
    },
    "discourse@sp":{
      "p":0.75250501,
      "r":0.7540160643,
      "f":0.7532597793
    },
    "comp:obl":{
      "p":0.7335329341,
      "r":0.6843575419,
      "f":0.7080924855
    },
    "parataxis":{
      "p":0.5245579568,
      "r":0.549382716,
      "f":0.5366834171
    },
    "comp:pred":{
      "p":0.6266094421,
      "r":0.7978142077,
      "f":0.7019230769
    },
    "flat@vv":{
      "p":0.5588235294,
      "r":0.5864197531,
      "f":0.5722891566
    },
    "comp@expl":{
      "p":0.5,
      "r":0.3333333333,
      "f":0.4
    },
    "udep":{
      "p":0.3098591549,
      "r":0.2018348624,
      "f":0.2444444444
    },
    "discourse":{
      "p":0.6739130435,
      "r":0.4305555556,
      "f":0.5254237288
    },
    "dislocated":{
      "p":0.6923076923,
      "r":0.1956521739,
      "f":0.3050847458
    },
    "det":{
      "p":0.8245192308,
      "r":0.8683544304,
      "f":0.8458692972
    },
    "flat":{
      "p":0.66718507,
      "r":0.7009803922,
      "f":0.6836653386
    },
    "clf":{
      "p":0.828125,
      "r":0.6883116883,
      "f":0.7517730496
    },
    "comp:aux":{
      "p":0.8943089431,
      "r":0.88,
      "f":0.8870967742
    },
    "compound@redup":{
      "p":0.625,
      "r":0.5208333333,
      "f":0.5681818182
    },
    "unk":{
      "p":0.8529411765,
      "r":0.6170212766,
      "f":0.7160493827
    },
    "udep@lmod":{
      "p":0.6811594203,
      "r":0.4272727273,
      "f":0.5251396648
    },
    "vocative":{
      "p":0.0,
      "r":0.0,
      "f":0.0
    },
    "compound":{
      "p":0.8545454545,
      "r":0.8193343899,
      "f":0.8365695793
    },
    "dep":{
      "p":0.0,
      "r":0.0,
      "f":0.0
    },
    "subj@pass":{
      "p":0.0,
      "r":0.0,
      "f":0.0
    },
    "unk@expl":{
      "p":0.0,
      "r":0.0,
      "f":0.0
    },
    "conj:coord@emb":{
      "p":0.0,
      "r":0.0,
      "f":0.0
    },
    "flat@foreign":{
      "p":1.0,
      "r":1.0,
      "f":1.0
    }
  },
  "speed":84161.2270761484
}