{
  "token_acc":1.0,
  "token_p":1.0,
  "token_r":1.0,
  "token_f":1.0,
  "tag_acc":0.9532760473,
  "sents_p":0.9963235294,
  "sents_r":0.9981583794,
  "sents_f":0.9972401104,
  "dep_uas":0.9143003108,
  "dep_las":0.8969304781,
  "dep_las_per_type":{
    "comp:obj":{
      "p":0.9731958763,
      "r":0.9744516129,
      "f":0.9738233398
    },
    "udep":{
      "p":0.8237523689,
      "r":0.7995095034,
      "f":0.8114499067
    },
    "compound":{
      "p":0.9273199221,
      "r":0.9482415395,
      "f":0.937664042
    },
    "mod":{
      "p":0.691943128,
      "r":0.7038567493,
      "f":0.6978490953
    },
    "subj":{
      "p":0.7715231788,
      "r":0.7689768977,
      "f":0.7702479339
    },
    "comp:aux":{
      "p":0.9632107023,
      "r":0.9632107023,
      "f":0.9632107023
    },
    "unk":{
      "p":0.9503311258,
      "r":0.9363784666,
      "f":0.9433032046
    },
    "root":{
      "p":0.9871323529,
      "r":0.9889502762,
      "f":0.9880404784
    },
    "comp:pred":{
      "p":0.8869047619,
      "r":0.8922155689,
      "f":0.8895522388
    },
    "cc":{
      "p":0.75,
      "r":0.75,
      "f":0.75
    },
    "det":{
      "p":0.987012987,
      "r":0.987012987,
      "f":0.987012987
    },
    "conj:coord":{
      "p":0.64,
      "r":0.5161290323,
      "f":0.5714285714
    },
    "dep":{
      "p":0.0,
      "r":0.0,
      "f":0.0
    },
    "discourse":{
      "p":0.0,
      "r":0.0,
      "f":0.0
    }
  },
  "speed":71117.7556789218
}