{
  "token_acc":1.0,
  "token_p":1.0,
  "token_r":1.0,
  "token_f":1.0,
  "tag_acc":0.9256549847,
  "sents_p":0.9892857143,
  "sents_r":0.9946140036,
  "sents_f":0.9919427037,
  "dep_uas":0.8422350446,
  "dep_las":0.747842383,
  "dep_las_per_type":{
    "subj@pass":{
      "p":0.7155172414,
      "r":0.7217391304,
      "f":0.7186147186
    },
    "udep":{
      "p":0.4968847352,
      "r":0.5567190227,
      "f":0.5251028807
    },
    "mod":{
      "p":0.661237785,
      "r":0.6301086394,
      "f":0.6452980132
    },
    "comp:obj":{
      "p":0.8491704374,
      "r":0.8783151326,
      "f":0.8634969325
    },
    "root":{
      "p":0.8535714286,
      "r":0.8581687612,
      "f":0.8558639212
    },
    "flat@name":{
      "p":0.8272506083,
      "r":0.8673469388,
      "f":0.8468244085
    },
    "udep@tmod":{
      "p":0.7826086957,
      "r":0.75,
      "f":0.7659574468
    },
    "cc":{
      "p":0.8694444444,
      "r":0.8718662953,
      "f":0.8706536857
    },
    "conj:coord":{
      "p":0.6659959759,
      "r":0.6580516899,
      "f":0.662
    },
    "conj:coord@emb":{
      "p":0.0833333333,
      "r":0.0526315789,
      "f":0.064516129
    },
    "comp:pred":{
      "p":0.8648648649,
      "r":0.8275862069,
      "f":0.845814978
    },
    "subj":{
      "p":0.8171428571,
      "r":0.7750677507,
      "f":0.7955493741
    },
    "mod@relcl":{
      "p":0.7314487633,
      "r":0.7472924188,
      "f":0.7392857143
    },
    "comp:obl":{
      "p":0.5688073394,
      "r":0.5619335347,
      "f":0.5653495441
    },
    "unk":{
      "p":0.4745762712,
      "r":0.4242424242,
      "f":0.448
    },
    "comp:aux":{
      "p":0.9285714286,
      "r":0.9212598425,
      "f":0.9249011858
    },
    "compound":{
      "p":0.7325581395,
      "r":0.7511177347,
      "f":0.7417218543
    },
    "parataxis":{
      "p":0.0961538462,
      "r":0.1219512195,
      "f":0.1075268817
    },
    "conj:appos":{
      "p":0.6822916667,
      "r":0.6150234742,
      "f":0.6469135802
    },
    "mod@poss":{
      "p":0.9375,
      "r":0.8955223881,
      "f":0.9160305344
    },
    "flat":{
      "p":0.7692307692,
      "r":0.5405405405,
      "f":0.6349206349
    },
    "det":{
      "p":0.8711656442,
      "r":0.8377581121,
      "f":0.8541353383
    },
    "mod@emph":{
      "p":0.9285714286,
      "r":0.8863636364,
      "f":0.9069767442
    },
    "comp:obj@adv":{
      "p":0.3846153846,
      "r":0.2941176471,
      "f":0.3333333333
    },
    "mod@lmod":{
      "p":0.5,
      "r":0.1428571429,
      "f":0.2222222222
    },
    "goeswith":{
      "p":1.0,
      "r":0.6666666667,
      "f":0.8
    },
    "mod@tmod":{
      "p":0.0,
      "r":0.0,
      "f":0.0
    },
    "comp:obl@agent":{
      "p":1.0,
      "r":0.5714285714,
      "f":0.7272727273
    },
    "dep":{
      "p":0.0,
      "r":0.0,
      "f":0.0
    },
    "discourse":{
      "p":0.0,
      "r":0.0,
      "f":0.0
    },
    "clf":{
      "p":0.0,
      "r":0.0,
      "f":0.0
    }
  },
  "speed":67249.7726098665
}